{"type":"FeatureCollection","features":[{"type":"Feature","geometry":{"type":"MultiPolygon","coordinates":[[[[9.259,41.3465],[9.2561,41.3426],[9.2599,41.3406],[9.2607,41.3357],[9.252,41.3401],[9.2502,41.3432],[9.259,41.3465]]],[[[9.2657,41.3688],[9.2721,41.3689],[9.2731,41.3656],[9.2555,41.3664],[9.2523,41.3697],[9.2637,41.3735],[9.2689,41.3716],[9.2657,41.3688]]],[[[9.2873,41.4839],[9.2856,41.4845],[9.2841,41.4776],[9.2795,41.4768],[9.2762,41.4744],[9.2756,41.4709],[9.2696,41.4725],[9.2666,41.4696],[9.2687,41.4668],[9.2716,41.4672],[9.277,41.4634],[9.2726,41.4617],[9.2685,41.4658],[9.2592,41.4621],[9.2591,41.4567],[9.2515,41.4541],[9.2438,41.4471],[9.236,41.4449],[9.2237,41.4427],[9.2226,41.4382],[9.2267,41.4275],[9.2248,41.4199],[9.2253,41.4171],[9.2163,41.4106],[9.2172,41.4072],[9.2211,41.4047],[9.225,41.4054],[9.2274,41.4088],[9.2354,41.4137],[9.2443,41.4215],[9.255,41.4251],[9.2581,41.4284],[9.264,41.4285],[9.2638,41.423],[9.2613,41.4216],[9.2597,41.4137],[9.2547,41.4109],[9.2509,41.4102],[9.2489,41.4052],[9.2459,41.4016],[9.2404,41.3985],[9.2364,41.3948],[9.2344,41.3882],[9.2292,41.382],[9.2238,41.3789],[9.2206,41.3754],[9.2229,41.3718],[9.2202,41.3674],[9.2125,41.3682],[9.2112,41.3668],[9.2041,41.3658],[9.1975,41.3676],[9.1942,41.3656],[9.1908,41.3675],[9.1864,41.3657],[9.1792,41.3674],[9.1782,41.373],[9.1738,41.3783],[9.1744,41.3794],[9.1676,41.3855],[9.1614,41.3869],[9.1522,41.3861],[9.1464,41.389],[9.1428,41.3886],[9.1349,41.3923],[9.1334,41.3944],[9.1297,41.3928],[9.1281,41.3961],[9.133,41.3998],[9.1236,41.3981],[9.1221,41.3964],[9.1152,41.3968],[9.1074,41.3946],[9.1048,41.3949],[9.099,41.3913],[9.0936,41.3947],[9.0913,41.4016],[9.0943,41.4078],[9.0949,41.4119],[9.0991,41.4157],[9.1038,41.4158],[9.1091,41.4212],[9.1048,41.422],[9.1043,41.4261],[9.1066,41.4293],[9.1113,41.4301],[9.116,41.4346],[9.1204,41.4365],[9.1185,41.4431],[9.1112,41.4406],[9.1043,41.4426],[9.0974,41.4436],[9.0978,41.4457],[9.0937,41.4499],[9.09,41.4454],[9.0861,41.4451],[9.082,41.4421],[9.0743,41.443],[9.071,41.4449],[9.0661,41.4501],[9.0664,41.4581],[9.0691,41.4614],[9.0674,41.4655],[9.0706,41.4657],[9.0711,41.4694],[9.0747,41.4702],[9.0789,41.4763],[9.0728,41.4784],[9.0688,41.4755],[9.0671,41.4727],[9.0624,41.4706],[9.0588,41.4645],[9.0519,41.46],[9.047,41.4612],[9.0406,41.4569],[9.038,41.4595],[9.0403,41.4648],[9.0394,41.4691],[9.0352,41.471],[9.0329,41.4686],[9.0287,41.4676],[9.0276,41.4633],[9.0226,41.4626],[9.0244,41.4663],[9.0184,41.4669],[9.0182,41.4697],[9.015,41.471],[9.0179,41.4781],[9.0148,41.4788],[9.0099,41.4742],[9.0051,41.4748],[8.9971,41.4798],[8.9976,41.4824],[8.9958,41.4854],[8.9903,41.4818],[8.9849,41.4759],[8.9797,41.4799],[8.9755,41.4807],[8.9766,41.4832],[8.9727,41.4854],[8.9674,41.4852],[8.9661,41.4899],[8.9635,41.4899],[8.9606,41.4927],[8.9529,41.4925],[8.948,41.4896],[8.9397,41.4896],[8.9361,41.4919],[8.937,41.4949],[8.9321,41.4957],[8.9295,41.4918],[8.9265,41.4897],[8.9215,41.4889],[8.9222,41.4944],[8.921,41.4983],[8.9174,41.505],[8.9145,41.5076],[8.9094,41.5065],[8.9,41.5087],[8.8944,41.5074],[8.8927,41.5082],[8.8862,41.5053],[8.882,41.508],[8.884,41.5115],[8.8906,41.5149],[8.8902,41.5168],[8.8837,41.5179],[8.8816,41.5213],[8.8767,41.5243],[8.8657,41.52],[8.8599,41.5215],[8.8555,41.5182],[8.8427,41.5181],[8.8409,41.522],[8.8434,41.5266],[8.8473,41.529],[8.8505,41.5328],[8.8556,41.5342],[8.8511,41.5386],[8.8511,41.5419],[8.8462,41.5406],[8.8432,41.5423],[8.8448,41.5449],[8.8427,41.5469],[8.8371,41.5454],[8.8302,41.5475],[8.8212,41.5448],[8.8197,41.5468],[8.8142,41.549],[8.8101,41.5567],[8.8054,41.5557],[8.8019,41.557],[8.7946,41.5555],[8.7889,41.5586],[8.7858,41.5646],[8.7921,41.5665],[8.7948,41.5692],[8.8021,41.5724],[8.7989,41.5751],[8.792,41.5788],[8.7922,41.5867],[8.7867,41.5855],[8.7817,41.5865],[8.7825,41.5894],[8.7762,41.5904],[8.7797,41.5944],[8.7871,41.5972],[8.7849,41.6016],[8.7916,41.6076],[8.7905,41.6166],[8.7863,41.6186],[8.7924,41.6207],[8.7952,41.6251],[8.7912,41.6275],[8.7961,41.6322],[8.8029,41.6333],[8.8056,41.6416],[8.8094,41.6401],[8.8113,41.6315],[8.8157,41.6296],[8.8203,41.6296],[8.8236,41.6319],[8.8249,41.6351],[8.83,41.6375],[8.8411,41.6398],[8.8421,41.6428],[8.8476,41.6426],[8.8524,41.6476],[8.8564,41.6464],[8.8628,41.6486],[8.8693,41.646],[8.8724,41.647],[8.8766,41.6507],[8.8791,41.6582],[8.8791,41.6618],[8.8811,41.6702],[8.8831,41.6716],[8.8902,41.6718],[8.8935,41.6758],[8.9083,41.6771],[8.911,41.6796],[8.9167,41.682],[8.9162,41.6871],[8.914,41.6909],[8.9091,41.6914],[8.8936,41.6892],[8.8865,41.6895],[8.8838,41.6934],[8.8785,41.696],[8.8743,41.6939],[8.8697,41.6965],[8.8602,41.6958],[8.8566,41.6977],[8.8505,41.6961],[8.8479,41.6972],[8.8413,41.6977],[8.8361,41.7004],[8.831,41.7059],[8.8214,41.7115],[8.8127,41.7142],[8.8101,41.7142],[8.8066,41.7099],[8.7981,41.7108],[8.7947,41.7091],[8.7952,41.7067],[8.7921,41.7009],[8.7835,41.6994],[8.7827,41.7022],[8.788,41.7046],[8.7858,41.7098],[8.779,41.7096],[8.7714,41.7135],[8.7745,41.7201],[8.7784,41.7216],[8.7814,41.7248],[8.7803,41.7271],[8.7844,41.7314],[8.7845,41.7346],[8.782,41.7381],[8.7752,41.7415],[8.7727,41.7416],[8.7543,41.7366],[8.7517,41.735],[8.7405,41.7318],[8.7369,41.7295],[8.7298,41.7291],[8.725,41.7273],[8.7232,41.7245],[8.7153,41.7224],[8.7072,41.7219],[8.7031,41.7258],[8.7079,41.7363],[8.7048,41.7395],[8.6948,41.7419],[8.6894,41.7402],[8.6863,41.7421],[8.6821,41.7399],[8.6784,41.7422],[8.6724,41.7436],[8.6661,41.7433],[8.6619,41.7396],[8.6591,41.7402],[8.6596,41.7457],[8.6612,41.75],[8.6665,41.7523],[8.6719,41.7528],[8.6766,41.7512],[8.6827,41.7473],[8.6946,41.751],[8.7039,41.758],[8.7079,41.7573],[8.7164,41.7634],[8.7196,41.768],[8.7264,41.7726],[8.7307,41.7764],[8.7325,41.7807],[8.7289,41.7813],[8.7264,41.7841],[8.7265,41.7893],[8.7204,41.7896],[8.7174,41.792],[8.7179,41.7952],[8.7119,41.7947],[8.7093,41.7965],[8.7117,41.8015],[8.7172,41.8037],[8.7208,41.8015],[8.7212,41.798],[8.7327,41.7984],[8.7356,41.797],[8.7409,41.7984],[8.7398,41.8013],[8.7415,41.8053],[8.7485,41.8109],[8.7554,41.8124],[8.7581,41.809],[8.7692,41.8101],[8.7739,41.8152],[8.7741,41.8246],[8.7841,41.8294],[8.783,41.8334],[8.7772,41.8347],[8.768,41.8385],[8.7686,41.8402],[8.7638,41.8441],[8.7568,41.8409],[8.7511,41.8426],[8.7526,41.8459],[8.7615,41.8473],[8.7691,41.8457],[8.7776,41.8476],[8.7823,41.8473],[8.7884,41.8505],[8.7906,41.8556],[8.7908,41.865],[8.7896,41.8677],[8.7864,41.8691],[8.7856,41.8724],[8.781,41.8745],[8.7857,41.8775],[8.7806,41.8827],[8.7866,41.885],[8.7916,41.885],[8.8032,41.8912],[8.8021,41.899],[8.7938,41.9118],[8.7895,41.9168],[8.7827,41.9231],[8.7746,41.9272],[8.7705,41.9276],[8.7665,41.9259],[8.7648,41.9232],[8.7583,41.9259],[8.7552,41.9327],[8.7451,41.9333],[8.7407,41.9316],[8.7414,41.9277],[8.7392,41.9157],[8.7349,41.917],[8.7311,41.9158],[8.7299,41.9129],[8.7235,41.9122],[8.7178,41.9079],[8.7085,41.9083],[8.7056,41.9071],[8.701,41.9085],[8.6877,41.9092],[8.678,41.9069],[8.676,41.9043],[8.6709,41.9049],[8.6643,41.9076],[8.6601,41.9071],[8.6554,41.9087],[8.6501,41.9086],[8.6418,41.9102],[8.6383,41.9084],[8.6302,41.9066],[8.6247,41.9022],[8.617,41.9008],[8.6142,41.8982],[8.6119,41.9006],[8.6158,41.9028],[8.6121,41.907],[8.61,41.9071],[8.6102,41.9123],[8.6159,41.9194],[8.6154,41.9233],[8.6229,41.9262],[8.6197,41.9305],[8.6229,41.9319],[8.6236,41.9345],[8.6202,41.9402],[8.6098,41.9396],[8.6071,41.9422],[8.6079,41.9465],[8.6062,41.9484],[8.6065,41.9523],[8.5979,41.9529],[8.5996,41.9568],[8.5977,41.9596],[8.5913,41.9621],[8.5931,41.9652],[8.5964,41.9664],[8.6066,41.9681],[8.6086,41.9676],[8.6138,41.9715],[8.6257,41.9709],[8.6318,41.9677],[8.6395,41.9676],[8.6489,41.9687],[8.6516,41.9715],[8.6576,41.9736],[8.6633,41.9767],[8.6685,41.9816],[8.6699,41.9886],[8.6678,41.9932],[8.6596,41.9916],[8.6557,41.9975],[8.6545,42.0019],[8.6566,42.0043],[8.6566,42.0095],[8.6741,42.0206],[8.6777,42.0206],[8.6833,42.0226],[8.6853,42.0266],[8.6914,42.0283],[8.7005,42.0257],[8.7042,42.0274],[8.7162,42.0298],[8.7223,42.0333],[8.7264,42.0346],[8.7233,42.0424],[8.7276,42.0433],[8.7381,42.0402],[8.7419,42.041],[8.7464,42.0462],[8.7469,42.051],[8.7435,42.0541],[8.7449,42.0587],[8.7404,42.0613],[8.7385,42.0651],[8.7356,42.0659],[8.7307,42.0637],[8.7191,42.0638],[8.7211,42.0664],[8.7198,42.0733],[8.7144,42.0826],[8.7095,42.087],[8.7039,42.0868],[8.7101,42.0941],[8.7105,42.0959],[8.7061,42.1027],[8.7012,42.1051],[8.7006,42.1123],[8.6935,42.1149],[8.6895,42.1151],[8.6877,42.1107],[8.6786,42.1047],[8.6748,42.1071],[8.6639,42.1059],[8.6629,42.1028],[8.6598,42.1012],[8.6591,42.1074],[8.6567,42.1105],[8.6516,42.1142],[8.6514,42.1167],[8.6475,42.121],[8.637,42.1205],[8.6341,42.1239],[8.6294,42.1224],[8.625,42.1226],[8.6177,42.127],[8.6158,42.1331],[8.6092,42.1343],[8.603,42.1317],[8.5965,42.1317],[8.5962,42.1298],[8.5875,42.1291],[8.5836,42.1318],[8.5848,42.1352],[8.5903,42.139],[8.594,42.1442],[8.5899,42.149],[8.5844,42.152],[8.5811,42.1509],[8.5734,42.1523],[8.5684,42.1487],[8.5593,42.1461],[8.5614,42.1507],[8.5706,42.1556],[8.5767,42.1549],[8.5775,42.1567],[8.5823,42.1587],[8.5853,42.1622],[8.5885,42.162],[8.5938,42.1674],[8.5909,42.1706],[8.5851,42.1716],[8.5734,42.1691],[8.5676,42.1693],[8.563,42.1706],[8.5616,42.1728],[8.5648,42.1763],[8.5729,42.1778],[8.5824,42.1781],[8.5854,42.1789],[8.5869,42.1817],[8.583,42.1829],[8.5796,42.1858],[8.58,42.1895],[8.5772,42.1952],[8.5809,42.1973],[8.5818,42.206],[8.5783,42.2076],[8.5712,42.2044],[8.5686,42.2053],[8.571,42.2102],[8.5779,42.2145],[8.572,42.2182],[8.5676,42.2194],[8.5724,42.2227],[8.5736,42.2273],[8.5697,42.231],[8.5582,42.2303],[8.554,42.2268],[8.5484,42.2288],[8.5488,42.2319],[8.545,42.2322],[8.5403,42.2372],[8.5464,42.2398],[8.5518,42.239],[8.5569,42.2357],[8.5627,42.2383],[8.569,42.2393],[8.5731,42.2384],[8.5762,42.24],[8.581,42.2446],[8.5835,42.2429],[8.5927,42.2449],[8.5986,42.2482],[8.6056,42.2493],[8.6128,42.2526],[8.6171,42.2518],[8.617,42.2555],[8.6214,42.2543],[8.6264,42.2514],[8.6391,42.2529],[8.6419,42.2567],[8.6577,42.2595],[8.6615,42.2588],[8.6704,42.2608],[8.6747,42.2631],[8.6771,42.2618],[8.6902,42.2639],[8.6916,42.2705],[8.6892,42.2714],[8.6915,42.277],[8.6851,42.283],[8.6822,42.2817],[8.6737,42.2844],[8.6779,42.2863],[8.6777,42.2897],[8.6729,42.2914],[8.675,42.2937],[8.67,42.2964],[8.6679,42.2953],[8.6618,42.2981],[8.6591,42.3026],[8.6535,42.3007],[8.6518,42.3025],[8.6465,42.3026],[8.6425,42.3004],[8.6377,42.3039],[8.6308,42.3061],[8.6308,42.3104],[8.6258,42.3126],[8.6201,42.3105],[8.6146,42.3102],[8.604,42.3078],[8.6015,42.3159],[8.5976,42.3165],[8.598,42.319],[8.6046,42.3235],[8.6068,42.3227],[8.6201,42.3281],[8.6222,42.3279],[8.6283,42.3323],[8.6278,42.3386],[8.6191,42.3408],[8.6166,42.3438],[8.6181,42.3465],[8.615,42.3499],[8.6112,42.3484],[8.6077,42.3504],[8.6039,42.3501],[8.6006,42.3533],[8.5899,42.3526],[8.5872,42.3498],[8.5818,42.3488],[8.5817,42.3468],[8.5728,42.3384],[8.5677,42.3379],[8.5634,42.3329],[8.5557,42.336],[8.5556,42.3385],[8.5596,42.3445],[8.5513,42.3467],[8.5565,42.3536],[8.5556,42.3566],[8.5565,42.3617],[8.5543,42.3659],[8.548,42.3659],[8.5444,42.3738],[8.5461,42.3778],[8.5505,42.3792],[8.5524,42.376],[8.5509,42.3733],[8.5575,42.3708],[8.5598,42.3718],[8.5648,42.3707],[8.5726,42.3705],[8.5744,42.3739],[8.5785,42.3759],[8.5762,42.3799],[8.5767,42.3836],[8.5829,42.3816],[8.5871,42.3844],[8.5944,42.3817],[8.6,42.3836],[8.602,42.386],[8.6082,42.3863],[8.6081,42.3939],[8.6021,42.3987],[8.6028,42.4007],[8.6077,42.4013],[8.6118,42.4033],[8.6067,42.4076],[8.602,42.4097],[8.6091,42.4116],[8.6059,42.4142],[8.611,42.4158],[8.6208,42.4176],[8.6247,42.4207],[8.6297,42.4207],[8.645,42.4164],[8.646,42.4135],[8.6512,42.4141],[8.6568,42.4176],[8.6622,42.4264],[8.6642,42.4342],[8.6579,42.4376],[8.6555,42.4373],[8.6507,42.4407],[8.6501,42.444],[8.6683,42.4456],[8.6692,42.4526],[8.6647,42.4568],[8.6677,42.4575],[8.6741,42.4635],[8.6754,42.4666],[8.6783,42.4663],[8.6799,42.4695],[8.6787,42.4728],[8.6751,42.4765],[8.6638,42.4752],[8.6556,42.4759],[8.6514,42.4738],[8.6497,42.4775],[8.6542,42.4838],[8.6567,42.4846],[8.6663,42.4958],[8.6658,42.5123],[8.667,42.516],[8.6724,42.5183],[8.6798,42.518],[8.6835,42.515],[8.6891,42.5186],[8.6956,42.5208],[8.6947,42.5249],[8.6995,42.527],[8.704,42.5265],[8.7068,42.5232],[8.7124,42.5246],[8.7201,42.525],[8.7197,42.5279],[8.7147,42.5311],[8.7149,42.5344],[8.7102,42.5355],[8.7124,42.5381],[8.7191,42.5408],[8.7177,42.5443],[8.7207,42.5464],[8.7167,42.5507],[8.7221,42.5531],[8.723,42.5565],[8.7188,42.5619],[8.715,42.5641],[8.7175,42.571],[8.711,42.5694],[8.7068,42.5706],[8.7131,42.5741],[8.7121,42.5778],[8.7152,42.5783],[8.7233,42.5835],[8.724,42.5739],[8.7262,42.5727],[8.7279,42.5663],[8.7269,42.564],[8.7321,42.5628],[8.7379,42.5652],[8.7402,42.5687],[8.7442,42.5676],[8.7545,42.5698],[8.7621,42.5672],[8.7561,42.5639],[8.7588,42.5595],[8.7663,42.5561],[8.7733,42.5557],[8.7825,42.5567],[8.79,42.5592],[8.7938,42.5613],[8.7975,42.5657],[8.8043,42.5697],[8.8053,42.5718],[8.8043,42.5781],[8.8014,42.5839],[8.8052,42.5856],[8.8047,42.5891],[8.8109,42.5896],[8.8097,42.598],[8.8048,42.5993],[8.8023,42.6025],[8.8096,42.6045],[8.8196,42.6044],[8.8267,42.6064],[8.828,42.6031],[8.8315,42.6013],[8.8416,42.6049],[8.8427,42.608],[8.8495,42.61],[8.8534,42.6092],[8.8623,42.6096],[8.8646,42.6079],[8.8692,42.6088],[8.8758,42.6142],[8.8744,42.6179],[8.8812,42.6209],[8.8788,42.6231],[8.88,42.6291],[8.8851,42.628],[8.8885,42.6297],[8.8914,42.6274],[8.8988,42.6281],[8.9039,42.627],[8.9119,42.629],[8.9187,42.6374],[8.9227,42.6396],[8.9246,42.6378],[8.9299,42.6375],[8.9348,42.639],[8.9391,42.6352],[8.9484,42.6335],[8.9549,42.6338],[8.9586,42.6356],[8.9625,42.6344],[8.9711,42.6388],[8.9755,42.6401],[8.9836,42.6394],[8.9858,42.6414],[8.9936,42.6397],[8.9978,42.6402],[9.0038,42.6434],[9.0106,42.64],[9.02,42.6438],[9.0279,42.6524],[9.0361,42.655],[9.0405,42.6529],[9.06,42.6613],[9.0617,42.6648],[9.0556,42.6691],[9.0602,42.6714],[9.0553,42.6739],[9.0555,42.6784],[9.0535,42.6823],[9.0575,42.6825],[9.058,42.6853],[9.0569,42.6929],[9.059,42.6945],[9.0634,42.6939],[9.0681,42.6917],[9.0729,42.6956],[9.0759,42.696],[9.0765,42.7005],[9.0804,42.7007],[9.0824,42.7048],[9.0815,42.7089],[9.0861,42.7153],[9.0921,42.7159],[9.0991,42.7153],[9.1062,42.7244],[9.1097,42.7233],[9.1141,42.7271],[9.1179,42.728],[9.1248,42.7317],[9.1324,42.7299],[9.135,42.7285],[9.1397,42.7304],[9.1433,42.7338],[9.1482,42.7312],[9.1539,42.7347],[9.1567,42.7342],[9.1633,42.7368],[9.1691,42.736],[9.17,42.7335],[9.1759,42.7323],[9.1797,42.7296],[9.1826,42.73],[9.1883,42.727],[9.2012,42.7251],[9.2097,42.729],[9.2133,42.7329],[9.2178,42.7334],[9.2208,42.7355],[9.2328,42.723],[9.2349,42.7194],[9.2438,42.7193],[9.2471,42.7204],[9.2562,42.7162],[9.2549,42.7119],[9.2557,42.7058],[9.2592,42.7007],[9.2623,42.6998],[9.2693,42.7011],[9.2687,42.6967],[9.2716,42.6942],[9.275,42.694],[9.2797,42.6889],[9.2788,42.6838],[9.2832,42.6809],[9.2846,42.6762],[9.288,42.6744],[9.2928,42.6743],[9.2986,42.6763],[9.301,42.6795],[9.3005,42.6835],[9.3046,42.6841],[9.3136,42.6886],[9.3172,42.6928],[9.323,42.6971],[9.3225,42.7058],[9.3213,42.711],[9.3224,42.7168],[9.3307,42.7196],[9.3354,42.724],[9.3337,42.7259],[9.339,42.7281],[9.3432,42.7328],[9.3452,42.7366],[9.3439,42.7394],[9.3458,42.7431],[9.3424,42.7484],[9.3391,42.7584],[9.3399,42.7611],[9.3375,42.7639],[9.3418,42.7697],[9.339,42.774],[9.3414,42.7774],[9.34,42.7824],[9.3424,42.786],[9.3429,42.7958],[9.3376,42.8053],[9.3334,42.8081],[9.3323,42.8111],[9.325,42.8131],[9.3204,42.8246],[9.3157,42.827],[9.3142,42.8295],[9.3105,42.8299],[9.3096,42.8337],[9.3153,42.8368],[9.3155,42.8425],[9.3218,42.8466],[9.3242,42.8505],[9.3291,42.8532],[9.3291,42.8549],[9.3345,42.861],[9.3343,42.864],[9.3404,42.8657],[9.3371,42.8691],[9.3317,42.8706],[9.3272,42.8777],[9.3265,42.8829],[9.3291,42.8853],[9.3284,42.8897],[9.3203,42.8939],[9.3221,42.8999],[9.3251,42.9003],[9.334,42.9067],[9.349,42.9132],[9.3506,42.9158],[9.3544,42.9163],[9.3571,42.9233],[9.361,42.9252],[9.3525,42.9292],[9.3497,42.9315],[9.3525,42.936],[9.3569,42.9394],[9.3593,42.9451],[9.3555,42.9494],[9.3486,42.9516],[9.346,42.9578],[9.3489,42.9595],[9.3493,42.9625],[9.3458,42.9638],[9.351,42.9677],[9.3479,42.9738],[9.3431,42.9778],[9.3419,42.9811],[9.3443,42.9829],[9.3432,42.9896],[9.3405,42.9943],[9.3432,42.9958],[9.3435,42.9988],[9.3463,43.0007],[9.353,43.0022],[9.3581,43.0072],[9.3661,43.0047],[9.3698,43.0061],[9.374,43.0045],[9.3833,43.0102],[9.3906,43.0068],[9.3925,43.0088],[9.3971,43.0067],[9.4009,43.0087],[9.4062,43.0055],[9.4148,43.007],[9.4158,43.0093],[9.4211,43.0117],[9.4271,43.0101],[9.4299,43.0065],[9.4299,43.0032],[9.4363,43.0007],[9.4411,43.0011],[9.4487,42.9913],[9.4539,42.9879],[9.4633,42.9868],[9.461,42.9829],[9.462,42.9806],[9.4598,42.977],[9.4551,42.9756],[9.4568,42.9681],[9.4535,42.9663],[9.4515,42.9627],[9.4565,42.9543],[9.456,42.9509],[9.4651,42.943],[9.4692,42.9362],[9.4648,42.9335],[9.4671,42.9269],[9.4708,42.9252],[9.4697,42.9221],[9.4718,42.9203],[9.4707,42.9165],[9.4722,42.9098],[9.4689,42.908],[9.4692,42.9048],[9.4727,42.903],[9.4745,42.9002],[9.4728,42.8959],[9.4743,42.8933],[9.4737,42.8855],[9.4774,42.882],[9.4779,42.8792],[9.4732,42.8775],[9.4725,42.8748],[9.4787,42.872],[9.4822,42.8647],[9.4811,42.8596],[9.4856,42.8512],[9.4829,42.8477],[9.4838,42.8416],[9.4798,42.838],[9.4858,42.8335],[9.4871,42.8265],[9.486,42.8253],[9.4871,42.8196],[9.4903,42.8145],[9.4901,42.8082],[9.4927,42.8071],[9.4913,42.7968],[9.4869,42.7882],[9.4844,42.7866],[9.4837,42.7826],[9.4792,42.7806],[9.4764,42.7744],[9.4737,42.7727],[9.4691,42.7665],[9.4697,42.7651],[9.4655,42.758],[9.4683,42.753],[9.4637,42.7492],[9.4638,42.7464],[9.4614,42.741],[9.4625,42.7356],[9.4586,42.7247],[9.4561,42.7208],[9.4564,42.7152],[9.4542,42.7079],[9.4562,42.7064],[9.4522,42.6997],[9.4529,42.692],[9.4478,42.6898],[9.4465,42.6865],[9.4474,42.6789],[9.4465,42.6777],[9.4473,42.6692],[9.4486,42.6646],[9.4541,42.6527],[9.4628,42.6392],[9.4734,42.6261],[9.4845,42.6145],[9.4963,42.6028],[9.5096,42.5905],[9.5153,42.5845],[9.5227,42.5741],[9.5259,42.5685],[9.5335,42.5454],[9.5334,42.5344],[9.5347,42.5214],[9.5308,42.5066],[9.5297,42.4949],[9.5305,42.4869],[9.533,42.4786],[9.5393,42.4624],[9.5414,42.4597],[9.5409,42.4534],[9.542,42.4484],[9.5407,42.4424],[9.5416,42.4323],[9.5434,42.4273],[9.5417,42.4212],[9.5386,42.4143],[9.5368,42.4054],[9.5353,42.394],[9.5325,42.3843],[9.5329,42.3778],[9.5325,42.3687],[9.5367,42.3527],[9.5376,42.3447],[9.5407,42.3426],[9.5394,42.34],[9.5413,42.3381],[9.5427,42.3295],[9.5449,42.3241],[9.5498,42.3156],[9.5518,42.3058],[9.5548,42.2944],[9.5601,42.2825],[9.5593,42.2722],[9.5565,42.2628],[9.556,42.2567],[9.554,42.2465],[9.5524,42.233],[9.5524,42.2263],[9.5536,42.2178],[9.5562,42.215],[9.5559,42.2015],[9.559,42.1955],[9.5557,42.1797],[9.5543,42.163],[9.5546,42.1495],[9.5552,42.1437],[9.5565,42.1428],[9.5553,42.1271],[9.5511,42.1091],[9.549,42.1037],[9.5376,42.0937],[9.5294,42.0855],[9.5184,42.072],[9.5048,42.058],[9.4944,42.0449],[9.4764,42.0243],[9.4697,42.0157],[9.4599,42.0068],[9.4567,42.0014],[9.4478,41.9952],[9.4327,41.9809],[9.4206,41.9664],[9.4136,41.9546],[9.4121,41.9493],[9.4123,41.9394],[9.4159,41.9329],[9.4162,41.9287],[9.4127,41.9203],[9.4129,41.9128],[9.4087,41.906],[9.4028,41.8986],[9.4009,41.8875],[9.3988,41.8823],[9.3969,41.8748],[9.3994,41.867],[9.3987,41.8637],[9.4028,41.8584],[9.4003,41.8497],[9.404,41.8419],[9.4033,41.8359],[9.405,41.8324],[9.4045,41.8283],[9.4062,41.823],[9.4055,41.8179],[9.4,41.8112],[9.3987,41.8065],[9.3989,41.8012],[9.3956,41.8005],[9.3943,41.798],[9.3969,41.7938],[9.3969,41.7909],[9.4002,41.7893],[9.3997,41.7862],[9.3967,41.7835],[9.3987,41.782],[9.398,41.778],[9.3955,41.7763],[9.398,41.7723],[9.4039,41.7732],[9.408,41.766],[9.4054,41.761],[9.4063,41.7545],[9.4033,41.7499],[9.4068,41.7452],[9.4062,41.7388],[9.4041,41.7365],[9.4039,41.7323],[9.402,41.7305],[9.4057,41.724],[9.4057,41.7217],[9.4014,41.7178],[9.4062,41.7129],[9.4029,41.7123],[9.4047,41.7089],[9.4019,41.7074],[9.4002,41.7007],[9.4009,41.6946],[9.3975,41.6913],[9.3902,41.6891],[9.386,41.6904],[9.3781,41.6854],[9.3773,41.6828],[9.3726,41.6787],[9.375,41.6714],[9.3791,41.6692],[9.3821,41.6709],[9.3844,41.6679],[9.381,41.6635],[9.3853,41.6602],[9.3862,41.656],[9.3849,41.6524],[9.3779,41.6487],[9.3756,41.6435],[9.3707,41.6372],[9.3644,41.6363],[9.3625,41.6398],[9.3584,41.6412],[9.3499,41.639],[9.3476,41.6369],[9.346,41.6316],[9.3475,41.629],[9.352,41.6288],[9.3524,41.6252],[9.3557,41.6202],[9.3463,41.6174],[9.3435,41.6195],[9.3374,41.6216],[9.3342,41.6214],[9.3293,41.6172],[9.3202,41.6153],[9.3162,41.6173],[9.3197,41.6198],[9.3136,41.6259],[9.3135,41.6277],[9.3082,41.6287],[9.3045,41.6251],[9.304,41.6223],[9.3064,41.616],[9.2989,41.6117],[9.2913,41.6104],[9.2875,41.6087],[9.2839,41.599],[9.2861,41.5895],[9.2915,41.5871],[9.2954,41.5837],[9.2987,41.5847],[9.3019,41.5897],[9.305,41.59],[9.3085,41.5939],[9.3139,41.6022],[9.3191,41.6047],[9.3316,41.6037],[9.3379,41.6001],[9.3404,41.5942],[9.346,41.5951],[9.3533,41.5943],[9.3561,41.5961],[9.3642,41.5958],[9.3681,41.5975],[9.3664,41.5898],[9.3617,41.5883],[9.3559,41.5843],[9.3527,41.5775],[9.3475,41.5753],[9.3498,41.5722],[9.3503,41.5673],[9.3468,41.5623],[9.3414,41.5588],[9.3371,41.5586],[9.3308,41.5599],[9.3237,41.5572],[9.3191,41.554],[9.3171,41.5508],[9.3143,41.5517],[9.3087,41.5492],[9.3078,41.5455],[9.3027,41.5457],[9.2964,41.5409],[9.294,41.5365],[9.2899,41.5317],[9.2864,41.5294],[9.2769,41.5318],[9.2723,41.5291],[9.2719,41.5252],[9.2733,41.5225],[9.279,41.5229],[9.2839,41.5197],[9.2835,41.5149],[9.2799,41.5096],[9.2747,41.5043],[9.268,41.5011],[9.2695,41.4986],[9.2742,41.4993],[9.2759,41.4958],[9.2839,41.5001],[9.2876,41.4944],[9.2835,41.4894],[9.2873,41.4839]]],[[[9.3963,41.6703],[9.3914,41.6685],[9.3889,41.6699],[9.3941,41.6727],[9.3963,41.6703]]],[[[8.598,41.8801],[8.5933,41.8762],[8.594,41.8743],[8.587,41.8741],[8.5866,41.8761],[8.598,41.8801]]],[[[2.0895,42.3738],[2.0867,42.3683],[2.0869,42.3638],[2.0847,42.3618],[2.0808,42.3645],[2.0728,42.3655],[2.0715,42.3635],[2.0588,42.3577],[2.0505,42.3585],[2.0406,42.3572],[2.0332,42.3581],[2.0288,42.3555],[2.0234,42.3556],[2.0183,42.3506],[2.0161,42.3471],[2.0089,42.3528],[2.0033,42.3559],[1.9982,42.3561],[1.9944,42.3601],[1.9914,42.3591],[1.9864,42.3619],[1.9792,42.3716],[1.9725,42.3732],[1.9646,42.382],[1.9649,42.3876],[1.961,42.3909],[1.96,42.3957],[1.9615,42.4011],[1.9607,42.4041],[1.9557,42.4099],[1.9564,42.4168],[1.9586,42.4241],[1.9536,42.4267],[1.9446,42.4281],[1.9414,42.4301],[1.9407,42.4337],[1.943,42.4408],[1.9429,42.4445],[1.937,42.4537],[1.9327,42.4546],[1.9207,42.4469],[1.9163,42.4462],[1.9009,42.4498],[1.8966,42.4496],[1.8957,42.4476],[1.8912,42.4477],[1.8898,42.4499],[1.8841,42.4505],[1.883,42.4579],[1.8811,42.4598],[1.865,42.4662],[1.8622,42.466],[1.8595,42.4625],[1.8535,42.4648],[1.8475,42.4683],[1.8439,42.4765],[1.8345,42.4824],[1.8272,42.4838],[1.8234,42.4866],[1.8167,42.4832],[1.808,42.4869],[1.8043,42.4904],[1.7919,42.4855],[1.7779,42.4862],[1.7619,42.4876],[1.7586,42.4906],[1.753,42.4913],[1.7468,42.4956],[1.7386,42.4945],[1.7304,42.4924],[1.7278,42.5004],[1.7259,42.5027],[1.726,42.5118],[1.725,42.5158],[1.7215,42.5173],[1.7297,42.5204],[1.7289,42.5247],[1.7349,42.5337],[1.7335,42.5388],[1.7356,42.5428],[1.7345,42.549],[1.7381,42.5542],[1.745,42.561],[1.7507,42.5642],[1.764,42.5656],[1.7679,42.5645],[1.773,42.5662],[1.785,42.5724],[1.7831,42.5801],[1.7812,42.5825],[1.7726,42.5805],[1.7605,42.5808],[1.7556,42.5827],[1.7524,42.5826],[1.7422,42.5877],[1.7337,42.5886],[1.7276,42.5883],[1.7258,42.5907],[1.7263,42.6006],[1.7308,42.6028],[1.7321,42.6076],[1.7378,42.6117],[1.7358,42.6157],[1.7322,42.6143],[1.7227,42.6165],[1.7199,42.6151],[1.7136,42.6146],[1.6997,42.6224],[1.6942,42.6225],[1.6834,42.625],[1.6735,42.6207],[1.6682,42.6216],[1.6647,42.6201],[1.6569,42.621],[1.6534,42.6264],[1.6423,42.6282],[1.6372,42.6303],[1.6277,42.6264],[1.6226,42.6273],[1.6197,42.6259],[1.6114,42.6266],[1.6078,42.6284],[1.6031,42.6255],[1.6005,42.6257],[1.5944,42.6326],[1.5845,42.6339],[1.5806,42.6368],[1.5792,42.6418],[1.576,42.6432],[1.5747,42.6479],[1.5684,42.6485],[1.566,42.6516],[1.5623,42.6536],[1.5582,42.652],[1.5492,42.6559],[1.5381,42.6524],[1.5332,42.6498],[1.5286,42.6517],[1.5227,42.6495],[1.52,42.646],[1.5066,42.6453],[1.4996,42.6457],[1.4938,42.6535],[1.4867,42.6516],[1.4787,42.6514],[1.4771,42.6406],[1.4699,42.6356],[1.4684,42.6311],[1.471,42.6295],[1.4709,42.6246],[1.4737,42.6217],[1.4775,42.6145],[1.4691,42.6065],[1.4648,42.6069],[1.4595,42.6047],[1.457,42.6023],[1.4506,42.6025],[1.4476,42.6038],[1.4379,42.6028],[1.433,42.6085],[1.4291,42.6144],[1.4307,42.6174],[1.4279,42.6209],[1.4238,42.6221],[1.4204,42.6249],[1.4198,42.6323],[1.4163,42.6359],[1.4166,42.6426],[1.4136,42.6478],[1.4137,42.6556],[1.4032,42.6589],[1.4013,42.6648],[1.395,42.6688],[1.3875,42.6686],[1.3896,42.6734],[1.3868,42.678],[1.3897,42.6864],[1.3873,42.6892],[1.3772,42.6945],[1.3689,42.6957],[1.3649,42.6947],[1.3616,42.6978],[1.3539,42.6997],[1.3509,42.7031],[1.3525,42.7063],[1.3525,42.7113],[1.3575,42.7149],[1.3573,42.7195],[1.3484,42.72],[1.338,42.7185],[1.3353,42.7243],[1.3254,42.7243],[1.3169,42.719],[1.3093,42.7176],[1.2967,42.7195],[1.2917,42.7189],[1.2873,42.7167],[1.2782,42.7141],[1.2748,42.7188],[1.2672,42.7178],[1.267,42.716],[1.2595,42.7157],[1.2531,42.7145],[1.2503,42.72],[1.2472,42.7226],[1.2427,42.723],[1.2407,42.725],[1.2341,42.7253],[1.2292,42.7278],[1.2237,42.7238],[1.2168,42.7201],[1.21,42.721],[1.1996,42.7175],[1.1882,42.7164],[1.1783,42.713],[1.1763,42.7094],[1.1705,42.7079],[1.166,42.7089],[1.1564,42.7151],[1.153,42.7164],[1.1513,42.7196],[1.1442,42.7223],[1.1331,42.7285],[1.1328,42.7316],[1.1351,42.7359],[1.1306,42.7395],[1.1313,42.7427],[1.1298,42.7458],[1.1326,42.7506],[1.1299,42.7523],[1.1262,42.7573],[1.1218,42.7596],[1.1193,42.7634],[1.1099,42.7657],[1.1084,42.7719],[1.1021,42.7726],[1.0957,42.7744],[1.0874,42.7784],[1.0836,42.7822],[1.0834,42.7848],[1.0777,42.7883],[1.0734,42.7826],[1.0651,42.7833],[1.0536,42.7826],[1.0479,42.781],[1.0438,42.7811],[1.0434,42.7854],[1.0385,42.787],[1.0281,42.7864],[1.0113,42.7879],[1.0051,42.7909],[0.9948,42.7869],[0.9829,42.7869],[0.9778,42.7912],[0.9786,42.7939],[0.9744,42.7973],[0.9681,42.7996],[0.966,42.8037],[0.9613,42.8057],[0.958,42.8034],[0.947,42.8016],[0.9386,42.7963],[0.9333,42.7897],[0.9308,42.7888],[0.924,42.7902],[0.9167,42.7957],[0.9075,42.7969],[0.9064,42.8011],[0.8995,42.8037],[0.8982,42.8062],[0.8921,42.8082],[0.8903,42.8104],[0.8799,42.815],[0.8766,42.8145],[0.8709,42.8156],[0.861,42.8212],[0.8555,42.8269],[0.852,42.8267],[0.8438,42.8293],[0.8332,42.8284],[0.8256,42.8317],[0.8164,42.8367],[0.8022,42.8405],[0.7954,42.84],[0.7887,42.8362],[0.7771,42.8362],[0.7723,42.8385],[0.7628,42.8403],[0.7616,42.8428],[0.7513,42.8457],[0.7359,42.849],[0.7345,42.8544],[0.7278,42.8571],[0.7173,42.8584],[0.7084,42.8614],[0.6997,42.8573],[0.6915,42.8551],[0.6783,42.855],[0.679,42.8507],[0.6777,42.8478],[0.6722,42.8449],[0.6684,42.8442],[0.6595,42.8389],[0.6598,42.8329],[0.6624,42.8285],[0.6699,42.8244],[0.6704,42.8216],[0.6669,42.8189],[0.665,42.8155],[0.6656,42.8123],[0.6683,42.8098],[0.6708,42.8045],[0.6695,42.8019],[0.6626,42.7983],[0.6594,42.7979],[0.6539,42.7917],[0.6526,42.7877],[0.6448,42.783],[0.6479,42.7818],[0.6516,42.7777],[0.6668,42.7754],[0.6644,42.7714],[0.6583,42.7681],[0.6557,42.7685],[0.6506,42.7652],[0.6509,42.7624],[0.649,42.7584],[0.646,42.7558],[0.6411,42.7544],[0.6473,42.7514],[0.6598,42.7522],[0.6641,42.7496],[0.6627,42.7457],[0.6642,42.7422],[0.6671,42.7411],[0.6672,42.7365],[0.67,42.7342],[0.672,42.7299],[0.6766,42.7285],[0.6799,42.7232],[0.6746,42.7187],[0.6773,42.7126],[0.6827,42.7089],[0.681,42.7053],[0.6762,42.703],[0.6739,42.699],[0.6762,42.6942],[0.6759,42.6908],[0.6691,42.6892],[0.6647,42.691],[0.6598,42.6908],[0.6516,42.6922],[0.6472,42.6942],[0.6385,42.6926],[0.6279,42.6956],[0.6234,42.695],[0.6169,42.6961],[0.6161,42.6973],[0.6056,42.6992],[0.6028,42.7024],[0.5971,42.7056],[0.5941,42.7041],[0.5934,42.701],[0.5902,42.6981],[0.5895,42.695],[0.5853,42.6959],[0.582,42.6949],[0.5757,42.6954],[0.5718,42.698],[0.5696,42.6966],[0.5657,42.6984],[0.5553,42.6992],[0.5451,42.7013],[0.5355,42.6998],[0.5303,42.7026],[0.521,42.6978],[0.5209,42.6945],[0.5163,42.6913],[0.5039,42.6929],[0.4992,42.6918],[0.4927,42.6931],[0.492,42.695],[0.4812,42.6997],[0.4723,42.6999],[0.4671,42.6946],[0.4624,42.6932],[0.4559,42.6927],[0.452,42.6945],[0.4494,42.6923],[0.4402,42.6911],[0.4364,42.6898],[0.4345,42.6914],[0.4222,42.6905],[0.4209,42.6931],[0.4158,42.6949],[0.4023,42.6959],[0.3959,42.7011],[0.3934,42.7065],[0.394,42.7101],[0.3925,42.713],[0.3852,42.7114],[0.3814,42.7137],[0.3753,42.7142],[0.3717,42.7166],[0.3694,42.7199],[0.3602,42.7242],[0.3584,42.7199],[0.3524,42.7178],[0.347,42.7136],[0.3454,42.7106],[0.3403,42.7107],[0.3345,42.7078],[0.3253,42.7052],[0.3247,42.7005],[0.3264,42.6977],[0.3219,42.6911],[0.3238,42.6875],[0.3213,42.6837],[0.3157,42.6845],[0.3106,42.6811],[0.3011,42.6776],[0.2952,42.6732],[0.2901,42.6773],[0.2839,42.6803],[0.2833,42.6819],[0.2772,42.6858],[0.276,42.6882],[0.2708,42.6911],[0.2638,42.6932],[0.2688,42.7],[0.2608,42.7115],[0.26,42.7163],[0.2534,42.7183],[0.2433,42.7182],[0.2366,42.7174],[0.2343,42.7188],[0.2249,42.7179],[0.2144,42.7232],[0.2106,42.727],[0.2062,42.7294],[0.1947,42.7325],[0.1906,42.7323],[0.1886,42.7341],[0.1793,42.7366],[0.1667,42.7302],[0.1621,42.7269],[0.1624,42.7232],[0.1513,42.7246],[0.1414,42.7219],[0.1367,42.7225],[0.1316,42.7146],[0.1189,42.7128],[0.117,42.711],[0.107,42.7104],[0.1013,42.7115],[0.0996,42.7132],[0.0902,42.7171],[0.0861,42.7157],[0.0764,42.7141],[0.0766,42.7128],[0.0711,42.7091],[0.0722,42.7064],[0.0705,42.7038],[0.063,42.7008],[0.0587,42.6974],[0.0544,42.6983],[0.0479,42.6959],[0.0442,42.6974],[0.0243,42.7025],[0.0191,42.7015],[0.0147,42.7018],[0.015,42.6952],[0.0098,42.6904],[0.0046,42.6888],[0.0048,42.6871],[-0.0025,42.6849],[-0.0167,42.6852],[-0.0212,42.6873],[-0.0268,42.6878],[-0.0322,42.6909],[-0.0433,42.6917],[-0.0487,42.6945],[-0.0563,42.6923],[-0.0619,42.695],[-0.0646,42.6998],[-0.0637,42.7026],[-0.0658,42.7077],[-0.0635,42.7096],[-0.0649,42.7135],[-0.0684,42.718],[-0.0795,42.7168],[-0.0838,42.7181],[-0.0877,42.7213],[-0.0958,42.7206],[-0.0971,42.7222],[-0.1065,42.721],[-0.1119,42.7264],[-0.1084,42.7293],[-0.1092,42.7346],[-0.1177,42.7385],[-0.1181,42.7444],[-0.1228,42.749],[-0.1228,42.7516],[-0.1268,42.7532],[-0.1295,42.758],[-0.1327,42.7592],[-0.1407,42.768],[-0.1497,42.7692],[-0.1499,42.773],[-0.1477,42.777],[-0.1545,42.7811],[-0.156,42.7855],[-0.1544,42.793],[-0.1608,42.7983],[-0.1651,42.7956],[-0.1673,42.791],[-0.1723,42.7891],[-0.1759,42.7862],[-0.1794,42.7854],[-0.1837,42.7875],[-0.1874,42.7867],[-0.189,42.7896],[-0.1954,42.7922],[-0.1981,42.7957],[-0.2084,42.798],[-0.212,42.7962],[-0.2173,42.7983],[-0.2195,42.8027],[-0.224,42.8012],[-0.2282,42.8049],[-0.2338,42.8076],[-0.2389,42.8087],[-0.2388,42.8181],[-0.2451,42.8206],[-0.2548,42.8193],[-0.2607,42.8225],[-0.2623,42.8249],[-0.2704,42.8266],[-0.2757,42.8297],[-0.2766,42.8354],[-0.2825,42.8375],[-0.2936,42.838],[-0.2976,42.8388],[-0.3081,42.8425],[-0.3125,42.8489],[-0.3219,42.8393],[-0.3244,42.8346],[-0.3313,42.8342],[-0.3337,42.8378],[-0.3432,42.8364],[-0.3469,42.8378],[-0.3483,42.835],[-0.3557,42.8303],[-0.3554,42.8279],[-0.3585,42.8258],[-0.3608,42.8216],[-0.3639,42.8206],[-0.3645,42.8164],[-0.3713,42.8124],[-0.3752,42.8119],[-0.3831,42.8071],[-0.3835,42.801],[-0.3906,42.8003],[-0.3977,42.803],[-0.4018,42.8033],[-0.4071,42.8055],[-0.4109,42.8088],[-0.414,42.8068],[-0.4197,42.8056],[-0.4206,42.803],[-0.4253,42.8027],[-0.4288,42.7995],[-0.4439,42.7961],[-0.4481,42.7994],[-0.4487,42.8016],[-0.4531,42.8041],[-0.4611,42.8041],[-0.4665,42.8068],[-0.4781,42.8094],[-0.4791,42.8123],[-0.4834,42.8158],[-0.4923,42.8168],[-0.4987,42.8213],[-0.4992,42.8255],[-0.5012,42.8278],[-0.5057,42.8273],[-0.5106,42.825],[-0.5132,42.8224],[-0.5138,42.8188],[-0.5188,42.8172],[-0.5251,42.8121],[-0.5261,42.8097],[-0.5245,42.8062],[-0.525,42.8029],[-0.5229,42.7991],[-0.5297,42.7917],[-0.5436,42.7932],[-0.5518,42.7779],[-0.5536,42.7793],[-0.5675,42.7807],[-0.5705,42.783],[-0.5697,42.7851],[-0.5707,42.7906],[-0.5678,42.7931],[-0.5648,42.7983],[-0.5661,42.8037],[-0.5692,42.8069],[-0.5767,42.8082],[-0.5805,42.8046],[-0.5874,42.8047],[-0.591,42.8025],[-0.5944,42.8047],[-0.5982,42.805],[-0.5997,42.808],[-0.5997,42.8132],[-0.5985,42.8157],[-0.6015,42.821],[-0.6015,42.8247],[-0.604,42.8261],[-0.6017,42.829],[-0.6023,42.8316],[-0.6074,42.8342],[-0.6154,42.8358],[-0.6239,42.8413],[-0.631,42.8481],[-0.6326,42.8514],[-0.6374,42.8534],[-0.6487,42.8552],[-0.6558,42.8585],[-0.6617,42.8641],[-0.6617,42.8685],[-0.6673,42.8765],[-0.6697,42.8767],[-0.6756,42.88],[-0.6787,42.8845],[-0.6815,42.8827],[-0.6856,42.8831],[-0.695,42.8791],[-0.6988,42.879],[-0.7047,42.8845],[-0.7089,42.8842],[-0.7153,42.8866],[-0.7181,42.8865],[-0.7236,42.8896],[-0.732,42.8961],[-0.732,42.9035],[-0.7342,42.9053],[-0.7335,42.9111],[-0.7364,42.913],[-0.7301,42.9173],[-0.727,42.9173],[-0.7248,42.9205],[-0.7276,42.926],[-0.7323,42.9281],[-0.7333,42.9325],[-0.7307,42.9387],[-0.7341,42.9398],[-0.7304,42.9453],[-0.7403,42.9485],[-0.7448,42.9523],[-0.7447,42.9562],[-0.7468,42.9579],[-0.7517,42.9674],[-0.7588,42.9676],[-0.7674,42.9692],[-0.7722,42.9656],[-0.7884,42.9642],[-0.8052,42.9565],[-0.8105,42.9513],[-0.8226,42.9512],[-0.8274,42.9526],[-0.832,42.9525],[-0.8373,42.9543],[-0.8393,42.9528],[-0.8548,42.9521],[-0.8639,42.9508],[-0.8732,42.9543],[-0.8784,42.9543],[-0.8884,42.9559],[-0.8947,42.9555],[-0.8973,42.9563],[-0.8974,42.9595],[-0.8997,42.962],[-0.9084,42.9645],[-0.9141,42.9639],[-0.9204,42.9579],[-0.9212,42.9553],[-0.9257,42.9539],[-0.9341,42.9527],[-0.9394,42.9537],[-0.9452,42.9534],[-0.9519,42.9576],[-0.958,42.9603],[-0.9681,42.9611],[-0.9749,42.9634],[-0.9769,42.9676],[-0.9814,42.9707],[-0.9896,42.9726],[-0.9971,42.9754],[-1.0001,42.9776],[-1.0062,42.9888],[-1.0102,42.9919],[-1.0193,42.9937],[-1.0265,42.9919],[-1.0332,42.9947],[-1.0485,42.996],[-1.0536,42.997],[-1.059,42.996],[-1.0638,42.9974],[-1.0723,42.998],[-1.0794,43.0012],[-1.0864,43.0028],[-1.0857,43.0068],[-1.0834,43.0113],[-1.0934,43.0118],[-1.1058,43.0166],[-1.115,43.024],[-1.1221,43.0172],[-1.132,43.0116],[-1.1341,43.0083],[-1.142,43.0091],[-1.1445,43.0135],[-1.1444,43.024],[-1.1528,43.0289],[-1.1559,43.0296],[-1.1649,43.0352],[-1.174,43.0376],[-1.1743,43.0346],[-1.181,43.0326],[-1.1999,43.0434],[-1.2118,43.0497],[-1.2126,43.0515],[-1.2297,43.0555],[-1.2405,43.047],[-1.2476,43.0426],[-1.2636,43.044],[-1.2649,43.0473],[-1.2682,43.0501],[-1.2699,43.054],[-1.2795,43.0584],[-1.2885,43.0638],[-1.2948,43.0637],[-1.298,43.0671],[-1.3057,43.0677],[-1.3092,43.0689],[-1.3087,43.073],[-1.3063,43.0754],[-1.3058,43.0803],[-1.3018,43.0854],[-1.3021,43.0872],[-1.2971,43.0954],[-1.2927,43.1002],[-1.2861,43.1044],[-1.2827,43.1087],[-1.2768,43.1129],[-1.2741,43.1137],[-1.27,43.1183],[-1.2786,43.1187],[-1.2924,43.1155],[-1.294,43.1161],[-1.3038,43.1155],[-1.3117,43.1133],[-1.3211,43.1127],[-1.3287,43.1085],[-1.3324,43.1078],[-1.3341,43.1027],[-1.3387,43.1004],[-1.3414,43.0967],[-1.3448,43.0944],[-1.3461,43.0905],[-1.3429,43.0839],[-1.3402,43.0811],[-1.342,43.0758],[-1.3442,43.0732],[-1.3437,43.0623],[-1.3452,43.0564],[-1.343,43.0544],[-1.3468,43.0471],[-1.3488,43.039],[-1.3518,43.0339],[-1.3539,43.0283],[-1.3769,43.0329],[-1.4412,43.0463],[-1.4551,43.0624],[-1.4598,43.0671],[-1.4716,43.0808],[-1.4732,43.0867],[-1.47,43.0933],[-1.4634,43.098],[-1.4579,43.0989],[-1.4517,43.1017],[-1.4501,43.1045],[-1.4408,43.1076],[-1.4434,43.1116],[-1.4372,43.1126],[-1.4351,43.1147],[-1.4272,43.1168],[-1.4267,43.1214],[-1.4244,43.125],[-1.4212,43.1249],[-1.4152,43.1273],[-1.415,43.1354],[-1.412,43.1382],[-1.4097,43.1427],[-1.4164,43.1493],[-1.4079,43.1554],[-1.4022,43.1557],[-1.4045,43.1624],[-1.4029,43.1668],[-1.4034,43.1723],[-1.4019,43.1784],[-1.3984,43.1816],[-1.3915,43.1861],[-1.3829,43.1875],[-1.382,43.1895],[-1.3866,43.1942],[-1.3831,43.1997],[-1.3852,43.2087],[-1.3806,43.2147],[-1.3836,43.2181],[-1.3844,43.2214],[-1.3819,43.2258],[-1.3777,43.2298],[-1.3783,43.2359],[-1.3816,43.2445],[-1.3825,43.2531],[-1.3912,43.26],[-1.4069,43.2718],[-1.4132,43.2735],[-1.4166,43.2726],[-1.4206,43.2692],[-1.4271,43.2671],[-1.4385,43.2666],[-1.4543,43.2715],[-1.4621,43.2714],[-1.4686,43.2733],[-1.4715,43.2752],[-1.4791,43.2782],[-1.4825,43.2832],[-1.4916,43.2811],[-1.4944,43.2824],[-1.5032,43.2894],[-1.506,43.2935],[-1.5141,43.2942],[-1.5211,43.2933],[-1.5329,43.2937],[-1.5353,43.2947],[-1.5398,43.2916],[-1.5442,43.2924],[-1.5564,43.2911],[-1.565,43.288],[-1.5637,43.2847],[-1.5601,43.2842],[-1.5571,43.2795],[-1.5607,43.2726],[-1.5634,43.27],[-1.5686,43.2574],[-1.5752,43.2499],[-1.5812,43.2535],[-1.5855,43.2523],[-1.5931,43.2544],[-1.6,43.2545],[-1.6088,43.2519],[-1.6105,43.2548],[-1.6141,43.2553],[-1.6217,43.2636],[-1.6235,43.2706],[-1.6255,43.2705],[-1.6281,43.2807],[-1.6307,43.285],[-1.6278,43.2939],[-1.6223,43.2996],[-1.6239,43.3057],[-1.6265,43.3069],[-1.6327,43.3072],[-1.6354,43.309],[-1.6441,43.3066],[-1.6522,43.3096],[-1.6547,43.3125],[-1.6684,43.3148],[-1.6743,43.3119],[-1.6856,43.3094],[-1.6902,43.3115],[-1.6954,43.3123],[-1.6998,43.3097],[-1.7035,43.3092],[-1.7087,43.3056],[-1.7098,43.3027],[-1.7137,43.2999],[-1.7203,43.3007],[-1.7302,43.2958],[-1.7338,43.3033],[-1.7344,43.3074],[-1.7379,43.3139],[-1.7416,43.3171],[-1.7372,43.3234],[-1.7386,43.3258],[-1.7379,43.3305],[-1.7425,43.3317],[-1.7488,43.3309],[-1.7521,43.3328],[-1.7518,43.3375],[-1.7533,43.3413],[-1.7573,43.3437],[-1.7624,43.3441],[-1.769,43.3422],[-1.7759,43.3439],[-1.7777,43.348],[-1.7838,43.3486],[-1.7893,43.3548],[-1.7886,43.3568],[-1.7829,43.362],[-1.7877,43.3639],[-1.7906,43.3668],[-1.792,43.3728],[-1.7887,43.3744],[-1.7823,43.3731],[-1.7765,43.373],[-1.7634,43.3757],[-1.7564,43.3787],[-1.7543,43.3835],[-1.7457,43.3812],[-1.7426,43.3794],[-1.7371,43.381],[-1.7293,43.382],[-1.725,43.385],[-1.7118,43.3875],[-1.7091,43.3895],[-1.694,43.394],[-1.6862,43.3957],[-1.6829,43.3898],[-1.6772,43.3883],[-1.6666,43.3882],[-1.6608,43.3923],[-1.6602,43.3953],[-1.6622,43.399],[-1.6576,43.4042],[-1.6503,43.4057],[-1.6459,43.4048],[-1.6374,43.4095],[-1.637,43.4123],[-1.6292,43.4133],[-1.6228,43.4215],[-1.6183,43.4243],[-1.6103,43.4261],[-1.5997,43.4324],[-1.5922,43.4441],[-1.5863,43.4502],[-1.5807,43.4583],[-1.5779,43.4612],[-1.5685,43.474],[-1.5663,43.4803],[-1.5667,43.4832],[-1.5614,43.4835],[-1.5542,43.4891],[-1.5531,43.4929],[-1.5474,43.494],[-1.5385,43.5053],[-1.5357,43.5099],[-1.5268,43.521],[-1.5236,43.5284],[-1.5147,43.5412],[-1.5055,43.5532],[-1.4963,43.5668],[-1.4776,43.5931],[-1.4737,43.6],[-1.4634,43.6139],[-1.4552,43.6268],[-1.4466,43.6433],[-1.4453,43.6467],[-1.4469,43.6512],[-1.4455,43.6549],[-1.4477,43.656],[-1.4434,43.6637],[-1.4417,43.6763],[-1.4411,43.6855],[-1.4417,43.6876],[-1.4378,43.7046],[-1.4387,43.7076],[-1.4321,43.7266],[-1.428,43.7416],[-1.425,43.7543],[-1.4232,43.758],[-1.4208,43.7685],[-1.4174,43.7794],[-1.4159,43.786],[-1.4129,43.7944],[-1.4116,43.8012],[-1.4058,43.8148],[-1.4046,43.8223],[-1.3945,43.8516],[-1.389,43.8579],[-1.3918,43.8618],[-1.3872,43.8735],[-1.3829,43.8891],[-1.3793,43.8978],[-1.3796,43.9016],[-1.3764,43.909],[-1.3742,43.9198],[-1.3696,43.9343],[-1.3652,43.9514],[-1.3622,43.9602],[-1.3619,43.9647],[-1.3589,43.9728],[-1.3581,43.9788],[-1.3546,43.9938],[-1.3504,44.005],[-1.3479,44.0163],[-1.3448,44.0256],[-1.3444,44.029],[-1.3393,44.0473],[-1.335,44.0603],[-1.3351,44.0627],[-1.3318,44.0717],[-1.3273,44.0875],[-1.3247,44.1007],[-1.321,44.1098],[-1.3214,44.112],[-1.3185,44.1209],[-1.3172,44.1278],[-1.3143,44.1366],[-1.3116,44.1495],[-1.3089,44.1597],[-1.3094,44.1612],[-1.3068,44.1714],[-1.3032,44.1882],[-1.3016,44.1998],[-1.2997,44.2085],[-1.2983,44.2185],[-1.296,44.2269],[-1.2963,44.2286],[-1.2935,44.2402],[-1.2919,44.252],[-1.2895,44.2616],[-1.2891,44.2664],[-1.286,44.2785],[-1.283,44.2968],[-1.2809,44.3042],[-1.2811,44.3076],[-1.2779,44.3209],[-1.2772,44.3287],[-1.2749,44.3374],[-1.2741,44.3439],[-1.2703,44.362],[-1.2704,44.3648],[-1.268,44.374],[-1.2669,44.3867],[-1.2623,44.4084],[-1.2623,44.4128],[-1.2599,44.4231],[-1.2588,44.4338],[-1.257,44.4399],[-1.2569,44.4447],[-1.255,44.4541],[-1.2534,44.4687],[-1.2496,44.4896],[-1.2495,44.4987],[-1.2507,44.5058],[-1.2561,44.5216],[-1.2566,44.5303],[-1.2561,44.5346],[-1.2505,44.5456],[-1.2365,44.5667],[-1.2278,44.5744],[-1.2224,44.5814],[-1.2163,44.5925],[-1.2109,44.5997],[-1.2117,44.6012],[-1.2055,44.6124],[-1.2033,44.623],[-1.2046,44.6386],[-1.2039,44.6417],[-1.197,44.6506],[-1.1947,44.6589],[-1.1913,44.6611],[-1.1807,44.6637],[-1.1695,44.6633],[-1.1642,44.6637],[-1.1574,44.6629],[-1.1512,44.659],[-1.1451,44.6576],[-1.1391,44.6535],[-1.1457,44.6509],[-1.1479,44.649],[-1.1459,44.6457],[-1.1402,44.6483],[-1.1381,44.6477],[-1.1179,44.6473],[-1.1165,44.6448],[-1.1112,44.645],[-1.1037,44.6439],[-1.1023,44.6463],[-1.0953,44.6445],[-1.0965,44.6422],[-1.0863,44.6417],[-1.0831,44.6405],[-1.0768,44.6419],[-1.0716,44.6418],[-1.0708,44.6446],[-1.0578,44.6468],[-1.0518,44.6438],[-1.0507,44.6489],[-1.0452,44.6479],[-1.0417,44.6527],[-1.0393,44.6538],[-1.0356,44.6488],[-1.0288,44.6479],[-1.0278,44.6452],[-1.0255,44.6436],[-1.0193,44.6427],[-1.0182,44.6494],[-1.0073,44.6501],[-1.0025,44.6458],[-1.0042,44.6548],[-1.0126,44.657],[-1.0173,44.6629],[-1.0176,44.6682],[-1.0223,44.6738],[-1.0318,44.6795],[-1.0359,44.6779],[-1.0449,44.6813],[-1.0474,44.6836],[-1.0507,44.6825],[-1.0589,44.6877],[-1.0584,44.6892],[-1.0692,44.6962],[-1.0637,44.6974],[-1.0579,44.694],[-1.0506,44.6953],[-1.0491,44.6927],[-1.0377,44.6923],[-1.0394,44.6957],[-1.0439,44.6963],[-1.0453,44.7001],[-1.0511,44.7017],[-1.0535,44.7036],[-1.0535,44.7069],[-1.0669,44.7135],[-1.0769,44.7222],[-1.0864,44.7263],[-1.096,44.737],[-1.0993,44.7383],[-1.1068,44.7434],[-1.1099,44.7427],[-1.1135,44.7445],[-1.1183,44.7445],[-1.1206,44.7493],[-1.1299,44.7519],[-1.1355,44.7568],[-1.1422,44.7612],[-1.1482,44.7624],[-1.1502,44.7667],[-1.159,44.7719],[-1.1631,44.7783],[-1.1689,44.7746],[-1.1687,44.7712],[-1.1717,44.7672],[-1.1766,44.7637],[-1.1799,44.7579],[-1.1737,44.7548],[-1.1722,44.7512],[-1.173,44.7457],[-1.1815,44.7436],[-1.185,44.7388],[-1.1901,44.7373],[-1.1922,44.7339],[-1.1909,44.7309],[-1.1946,44.7287],[-1.1977,44.7245],[-1.2045,44.7213],[-1.2046,44.7177],[-1.224,44.708],[-1.2219,44.7063],[-1.2291,44.7007],[-1.2293,44.6969],[-1.2325,44.6937],[-1.2331,44.6886],[-1.2367,44.6832],[-1.2391,44.6748],[-1.24,44.6657],[-1.2389,44.658],[-1.2401,44.6549],[-1.245,44.6476],[-1.2461,44.6424],[-1.2463,44.6318],[-1.2436,44.6303],[-1.2455,44.6217],[-1.2509,44.6216],[-1.2565,44.6242],[-1.2598,44.6293],[-1.261,44.6418],[-1.2596,44.6542],[-1.2576,44.6663],[-1.2552,44.6893],[-1.2516,44.7116],[-1.2503,44.7171],[-1.2463,44.7386],[-1.2412,44.7619],[-1.2306,44.8214],[-1.2252,44.8465],[-1.2249,44.8493],[-1.2201,44.879],[-1.2171,44.9015],[-1.2123,44.931],[-1.2092,44.9475],[-1.2068,44.965],[-1.2047,44.9769],[-1.2019,45.0053],[-1.2013,45.0064],[-1.1927,45.0781],[-1.1928,45.0803],[-1.1898,45.1013],[-1.1874,45.1216],[-1.1838,45.1451],[-1.1833,45.1503],[-1.1796,45.1727],[-1.1771,45.1917],[-1.1749,45.2031],[-1.1705,45.2347],[-1.1662,45.2679],[-1.164,45.2796],[-1.1608,45.305],[-1.1611,45.3105],[-1.1589,45.3414],[-1.1585,45.3612],[-1.1593,45.3669],[-1.1603,45.4032],[-1.1599,45.4138],[-1.157,45.4233],[-1.1546,45.4284],[-1.1504,45.4411],[-1.1509,45.4531],[-1.1551,45.4698],[-1.1525,45.4757],[-1.1505,45.4864],[-1.1441,45.4933],[-1.1386,45.5024],[-1.1324,45.5115],[-1.1255,45.5188],[-1.1154,45.5266],[-1.1122,45.5314],[-1.1058,45.5383],[-1.1011,45.5404],[-1.0974,45.5487],[-1.0966,45.5567],[-1.093,45.5649],[-1.0893,45.5664],[-1.0829,45.5665],[-1.0736,45.5679],[-1.067,45.571],[-1.0606,45.572],[-0.9928,45.5773],[-0.9885,45.5834],[-0.9902,45.5898],[-0.9956,45.5982],[-1.0002,45.6007],[-1.0034,45.5992],[-1.0125,45.6],[-1.0143,45.6036],[-1.0092,45.6067],[-1.0101,45.612],[-1.0134,45.6157],[-1.0208,45.6216],[-1.0255,45.6232],[-1.0321,45.6188],[-1.0424,45.6177],[-1.0462,45.6206],[-1.0491,45.6203],[-1.0527,45.6225],[-1.0502,45.6256],[-1.0545,45.6273],[-1.0568,45.625],[-1.0626,45.6277],[-1.0708,45.6332],[-1.0909,45.6398],[-1.0975,45.6408],[-1.0995,45.644],[-1.1055,45.6445],[-1.1166,45.6482],[-1.1246,45.652],[-1.1241,45.6529],[-1.1365,45.6604],[-1.1443,45.6659],[-1.1556,45.673],[-1.1611,45.6758],[-1.1656,45.6748],[-1.1791,45.681],[-1.1823,45.6844],[-1.1868,45.6856],[-1.1969,45.6919],[-1.1997,45.6946],[-1.2045,45.6962],[-1.2133,45.6972],[-1.2285,45.6942],[-1.231,45.6923],[-1.2261,45.682],[-1.2184,45.6741],[-1.2221,45.6731],[-1.2294,45.6766],[-1.2328,45.6867],[-1.2364,45.7012],[-1.2377,45.7091],[-1.2391,45.7275],[-1.2401,45.7458],[-1.242,45.7628],[-1.2437,45.7705],[-1.2435,45.7799],[-1.2407,45.7832],[-1.2283,45.7886],[-1.2206,45.7894],[-1.215,45.7928],[-1.2106,45.7942],[-1.2028,45.7936],[-1.2017,45.7914],[-1.192,45.7893],[-1.1857,45.7904],[-1.1794,45.7931],[-1.1714,45.7954],[-1.1661,45.7991],[-1.1569,45.8023],[-1.1519,45.8008],[-1.1492,45.7978],[-1.1424,45.7971],[-1.1342,45.8026],[-1.1365,45.8093],[-1.1368,45.8146],[-1.1386,45.8184],[-1.1375,45.8204],[-1.1409,45.8244],[-1.1458,45.8263],[-1.1526,45.8318],[-1.1508,45.8354],[-1.1547,45.8379],[-1.1569,45.8423],[-1.1647,45.8438],[-1.1678,45.8455],[-1.1683,45.8487],[-1.1629,45.8491],[-1.1639,45.8526],[-1.1615,45.8542],[-1.1538,45.8514],[-1.1511,45.8518],[-1.1484,45.8567],[-1.1529,45.8575],[-1.1558,45.861],[-1.1458,45.8615],[-1.1378,45.8607],[-1.137,45.8585],[-1.1301,45.8588],[-1.1214,45.858],[-1.112,45.8647],[-1.1103,45.8681],[-1.1062,45.8691],[-1.1025,45.8742],[-1.1007,45.8793],[-1.0862,45.894],[-1.0809,45.8987],[-1.0758,45.9074],[-1.0731,45.9159],[-1.0745,45.9216],[-1.0758,45.9326],[-1.0774,45.9373],[-1.0959,45.9421],[-1.1002,45.9448],[-1.0968,45.949],[-1.0695,45.9496],[-1.0756,45.9583],[-1.0815,45.9637],[-1.0824,45.9663],[-1.0833,45.9775],[-1.0861,45.9814],[-1.0936,45.9844],[-1.0966,45.9841],[-1.0994,45.9909],[-1.1045,45.9942],[-1.1035,45.9959],[-1.0985,45.9963],[-1.0972,45.9923],[-1.0915,45.9923],[-1.0808,45.9967],[-1.073,45.9963],[-1.0644,45.9941],[-1.0612,45.9941],[-1.0573,45.9969],[-1.0533,46.0026],[-1.0525,46.0062],[-1.0533,46.013],[-1.0586,46.0187],[-1.0609,46.0253],[-1.0609,46.0286],[-1.0565,46.03],[-1.0566,46.0346],[-1.0609,46.0454],[-1.0665,46.0501],[-1.0764,46.0532],[-1.0848,46.053],[-1.0891,46.054],[-1.0895,46.0584],[-1.0936,46.0622],[-1.0935,46.0717],[-1.0949,46.0789],[-1.0972,46.0837],[-1.101,46.0942],[-1.1156,46.1029],[-1.1231,46.1019],[-1.1316,46.1023],[-1.1358,46.1059],[-1.1429,46.1066],[-1.1428,46.1091],[-1.1393,46.1099],[-1.1308,46.1092],[-1.1243,46.1124],[-1.1243,46.1185],[-1.127,46.1257],[-1.1289,46.1269],[-1.1347,46.1264],[-1.1456,46.1273],[-1.148,46.129],[-1.1491,46.1332],[-1.1553,46.1377],[-1.1615,46.1371],[-1.1662,46.1385],[-1.1721,46.1384],[-1.1716,46.142],[-1.1636,46.142],[-1.1598,46.1523],[-1.1633,46.1557],[-1.1752,46.1528],[-1.1868,46.1537],[-1.1872,46.1515],[-1.1995,46.1474],[-1.208,46.1463],[-1.2108,46.1482],[-1.2212,46.1474],[-1.2241,46.151],[-1.2289,46.15],[-1.2302,46.1521],[-1.2206,46.1577],[-1.2235,46.1612],[-1.2307,46.1575],[-1.2329,46.1589],[-1.2305,46.1625],[-1.2308,46.1658],[-1.2198,46.1738],[-1.2182,46.1798],[-1.2139,46.1833],[-1.2067,46.1843],[-1.202,46.1895],[-1.1992,46.1942],[-1.1997,46.2],[-1.2065,46.2036],[-1.2047,46.2069],[-1.1992,46.2128],[-1.1888,46.2165],[-1.183,46.2213],[-1.1731,46.2225],[-1.1691,46.2267],[-1.1619,46.2305],[-1.1578,46.2357],[-1.1498,46.2376],[-1.1442,46.2422],[-1.1423,46.2459],[-1.1409,46.2528],[-1.1392,46.2538],[-1.1293,46.2537],[-1.1186,46.2615],[-1.1137,46.2607],[-1.111,46.2621],[-1.1148,46.2744],[-1.1203,46.2859],[-1.1236,46.2941],[-1.1198,46.2956],[-1.1237,46.3019],[-1.1272,46.3022],[-1.1278,46.3057],[-1.1188,46.3157],[-1.1114,46.3152],[-1.1065,46.3133],[-1.1059,46.3172],[-1.1123,46.3188],[-1.115,46.3221],[-1.1173,46.3289],[-1.1282,46.3207],[-1.1254,46.3195],[-1.1253,46.3163],[-1.1303,46.3136],[-1.1308,46.3114],[-1.1379,46.3129],[-1.1399,46.3115],[-1.1517,46.3188],[-1.1634,46.3244],[-1.1673,46.3199],[-1.1836,46.319],[-1.1927,46.3173],[-1.2005,46.315],[-1.2028,46.3133],[-1.1958,46.3007],[-1.2068,46.2893],[-1.2086,46.2783],[-1.2038,46.2692],[-1.2052,46.2667],[-1.2095,46.2679],[-1.2157,46.2726],[-1.2201,46.2732],[-1.2261,46.2768],[-1.2304,46.2775],[-1.2336,46.2807],[-1.2399,46.2844],[-1.2463,46.2899],[-1.2614,46.2979],[-1.2749,46.3061],[-1.2765,46.308],[-1.2834,46.3112],[-1.2869,46.3118],[-1.2928,46.3193],[-1.3036,46.3281],[-1.3074,46.3278],[-1.3111,46.332],[-1.3165,46.3363],[-1.3246,46.3405],[-1.3316,46.3385],[-1.32,46.3336],[-1.3124,46.3271],[-1.3087,46.3259],[-1.3054,46.3212],[-1.3046,46.3166],[-1.2977,46.3091],[-1.2978,46.3061],[-1.2901,46.3043],[-1.2899,46.2975],[-1.2922,46.2936],[-1.2881,46.2892],[-1.2819,46.2865],[-1.2767,46.287],[-1.2693,46.2845],[-1.2704,46.2827],[-1.2771,46.2855],[-1.284,46.2865],[-1.3009,46.2939],[-1.3089,46.3021],[-1.3119,46.3038],[-1.3152,46.3085],[-1.3193,46.3165],[-1.3282,46.3269],[-1.3353,46.3316],[-1.3335,46.3347],[-1.3415,46.3404],[-1.3514,46.3442],[-1.3583,46.348],[-1.3684,46.3493],[-1.3759,46.3484],[-1.3776,46.3432],[-1.3865,46.3409],[-1.3908,46.3415],[-1.4024,46.3408],[-1.4134,46.3454],[-1.4232,46.3473],[-1.4288,46.3438],[-1.4323,46.3432],[-1.4377,46.34],[-1.4431,46.341],[-1.4512,46.3409],[-1.4662,46.3426],[-1.4712,46.3457],[-1.4762,46.3579],[-1.478,46.3644],[-1.4873,46.3802],[-1.5,46.3955],[-1.5057,46.4],[-1.5159,46.4045],[-1.5229,46.4052],[-1.5339,46.4088],[-1.5404,46.4095],[-1.5448,46.4085],[-1.5485,46.4055],[-1.5584,46.4067],[-1.5694,46.4072],[-1.5833,46.4097],[-1.5885,46.4086],[-1.5965,46.4108],[-1.6113,46.4134],[-1.616,46.4124],[-1.6272,46.4143],[-1.6299,46.4179],[-1.636,46.4193],[-1.6397,46.4188],[-1.6478,46.4199],[-1.6537,46.4218],[-1.6542,46.424],[-1.6484,46.4261],[-1.6472,46.4289],[-1.6486,46.4348],[-1.655,46.4327],[-1.6632,46.4349],[-1.6674,46.438],[-1.6725,46.438],[-1.6769,46.4408],[-1.6891,46.4423],[-1.6948,46.4452],[-1.6967,46.4474],[-1.705,46.449],[-1.7111,46.4513],[-1.711,46.4538],[-1.7148,46.459],[-1.7259,46.4597],[-1.7323,46.4657],[-1.7417,46.4687],[-1.7476,46.4728],[-1.7552,46.4743],[-1.7601,46.4773],[-1.7631,46.4825],[-1.7701,46.4891],[-1.7776,46.493],[-1.7843,46.4947],[-1.7898,46.4945],[-1.7935,46.4929],[-1.7952,46.4957],[-1.7903,46.4962],[-1.7902,46.4993],[-1.7878,46.5022],[-1.7898,46.5044],[-1.7957,46.5023],[-1.7966,46.4992],[-1.7946,46.4923],[-1.7957,46.4898],[-1.8044,46.4892],[-1.8068,46.4919],[-1.8129,46.4941],[-1.8144,46.497],[-1.8165,46.5054],[-1.8183,46.5095],[-1.8236,46.5316],[-1.8282,46.5434],[-1.8319,46.5491],[-1.8346,46.5559],[-1.8381,46.5624],[-1.8406,46.5705],[-1.8472,46.5838],[-1.8537,46.6035],[-1.8577,46.6105],[-1.8634,46.6154],[-1.8694,46.6166],[-1.873,46.6204],[-1.8754,46.6276],[-1.8812,46.6311],[-1.8845,46.6315],[-1.891,46.6351],[-1.8948,46.6394],[-1.8974,46.6401],[-1.9017,46.646],[-1.9066,46.6507],[-1.9078,46.6545],[-1.9123,46.6615],[-1.9254,46.6746],[-1.9311,46.6816],[-1.9408,46.691],[-1.937,46.6934],[-1.9473,46.698],[-1.9549,46.6949],[-1.9601,46.6943],[-1.9614,46.6921],[-1.9659,46.6919],[-1.9791,46.7045],[-1.9808,46.7096],[-1.9797,46.7166],[-1.9836,46.7213],[-1.998,46.7323],[-2.0142,46.744],[-2.0225,46.7507],[-2.0337,46.7571],[-2.0608,46.7765],[-2.0715,46.7823],[-2.0884,46.7894],[-2.0937,46.7924],[-2.1051,46.7975],[-2.1252,46.8077],[-2.1405,46.8174],[-2.143,46.821],[-2.1453,46.8305],[-2.1464,46.8402],[-2.1459,46.8494],[-2.1472,46.8625],[-2.1502,46.8727],[-2.155,46.8819],[-2.1569,46.8871],[-2.153,46.8904],[-2.1457,46.8896],[-2.1391,46.8926],[-2.1268,46.893],[-2.1218,46.8997],[-2.1201,46.8998],[-2.119,46.9068],[-2.1062,46.92],[-2.098,46.925],[-2.0962,46.9246],[-2.0913,46.9304],[-2.0861,46.9328],[-2.0753,46.9347],[-2.0796,46.9385],[-2.0755,46.9398],[-2.0582,46.9507],[-2.0446,46.9679],[-2.0462,46.978],[-2.0368,46.9915],[-2.0381,46.9975],[-2.0318,46.9989],[-2.0292,47.0097],[-2.0257,47.0094],[-2.0139,47.0138],[-2.0101,47.0167],[-1.9972,47.0186],[-1.9819,47.0265],[-1.9879,47.039],[-1.9943,47.0473],[-1.999,47.0559],[-2.0044,47.0611],[-2.0112,47.0638],[-2.0219,47.0697],[-2.0285,47.0711],[-2.0363,47.077],[-2.0399,47.0773],[-2.0432,47.0838],[-2.049,47.0868],[-2.0536,47.095],[-2.0599,47.0958],[-2.0708,47.0988],[-2.0727,47.101],[-2.0813,47.1017],[-2.0837,47.1035],[-2.09,47.1037],[-2.0967,47.1068],[-2.1048,47.1066],[-2.1077,47.1095],[-2.1109,47.1101],[-2.1219,47.1097],[-2.1271,47.1122],[-2.1311,47.1111],[-2.1443,47.1118],[-2.1475,47.1132],[-2.1564,47.1136],[-2.1622,47.1155],[-2.164,47.1179],[-2.1754,47.1196],[-2.1779,47.1216],[-2.2001,47.1233],[-2.2036,47.1248],[-2.2145,47.1238],[-2.2208,47.1256],[-2.222,47.1278],[-2.227,47.1309],[-2.243,47.1324],[-2.2481,47.1336],[-2.2457,47.136],[-2.2421,47.136],[-2.2341,47.1421],[-2.2297,47.1439],[-2.2256,47.1522],[-2.2221,47.1538],[-2.2174,47.1537],[-2.2081,47.157],[-2.2053,47.1566],[-2.1982,47.1589],[-2.1795,47.1558],[-2.1768,47.1568],[-2.1697,47.1639],[-2.1643,47.1757],[-2.1619,47.1838],[-2.1615,47.1934],[-2.1585,47.1955],[-2.1582,47.1991],[-2.1598,47.2031],[-2.1599,47.2101],[-2.1689,47.2211],[-2.1811,47.2318],[-2.1818,47.2356],[-2.1758,47.2363],[-2.1719,47.2392],[-2.1697,47.2489],[-2.1713,47.2617],[-2.1704,47.2687],[-2.187,47.2807],[-2.197,47.2757],[-2.198,47.2723],[-2.2007,47.2703],[-2.2068,47.2707],[-2.221,47.2671],[-2.2251,47.2636],[-2.223,47.2584],[-2.2302,47.2558],[-2.2363,47.2563],[-2.2479,47.2559],[-2.2596,47.2493],[-2.262,47.2432],[-2.2672,47.2401],[-2.2739,47.2396],[-2.2803,47.2372],[-2.2899,47.2373],[-2.2934,47.235],[-2.2983,47.2344],[-2.315,47.2431],[-2.3181,47.2432],[-2.3224,47.2465],[-2.3311,47.25],[-2.3425,47.257],[-2.3434,47.2621],[-2.3522,47.2698],[-2.3576,47.2728],[-2.3732,47.2782],[-2.3843,47.2804],[-2.3919,47.2813],[-2.401,47.2809],[-2.4146,47.278],[-2.4229,47.2741],[-2.4245,47.2702],[-2.4215,47.2659],[-2.417,47.2617],[-2.4172,47.2588],[-2.427,47.2597],[-2.4319,47.2587],[-2.4366,47.2605],[-2.4411,47.2603],[-2.4531,47.2639],[-2.455,47.2669],[-2.4604,47.2699],[-2.4724,47.2696],[-2.4817,47.2739],[-2.4935,47.2747],[-2.4945,47.2776],[-2.4986,47.2804],[-2.5124,47.2829],[-2.5153,47.2851],[-2.5315,47.287],[-2.54,47.2893],[-2.5474,47.2921],[-2.545,47.2982],[-2.5398,47.2997],[-2.5359,47.2994],[-2.5248,47.302],[-2.5164,47.299],[-2.5131,47.2954],[-2.4994,47.2869],[-2.4913,47.2871],[-2.4877,47.289],[-2.4775,47.2852],[-2.4749,47.287],[-2.4793,47.2901],[-2.4804,47.2932],[-2.4733,47.295],[-2.4715,47.2974],[-2.4762,47.3003],[-2.486,47.3013],[-2.5113,47.3007],[-2.5146,47.3036],[-2.5091,47.3081],[-2.5049,47.3144],[-2.5033,47.3254],[-2.5039,47.3313],[-2.5061,47.3397],[-2.5091,47.3447],[-2.5176,47.3511],[-2.5233,47.3603],[-2.5316,47.3656],[-2.5354,47.3651],[-2.5442,47.3664],[-2.5513,47.3689],[-2.5586,47.3753],[-2.5556,47.3782],[-2.5518,47.3789],[-2.5472,47.3819],[-2.5405,47.3813],[-2.5343,47.3832],[-2.5279,47.3874],[-2.5216,47.393],[-2.516,47.3943],[-2.5124,47.3982],[-2.499,47.4042],[-2.4914,47.4048],[-2.4887,47.4106],[-2.4836,47.4122],[-2.4776,47.4125],[-2.4729,47.4168],[-2.4684,47.4175],[-2.4618,47.4112],[-2.4554,47.4147],[-2.4486,47.4117],[-2.4448,47.4116],[-2.4394,47.4145],[-2.4327,47.4139],[-2.4314,47.4159],[-2.4388,47.4195],[-2.4405,47.4216],[-2.4471,47.4214],[-2.4509,47.4255],[-2.4574,47.4266],[-2.4545,47.4313],[-2.4507,47.4352],[-2.4459,47.4356],[-2.4471,47.4394],[-2.4537,47.4456],[-2.458,47.4482],[-2.4686,47.4496],[-2.4726,47.4456],[-2.4787,47.4449],[-2.4796,47.4415],[-2.489,47.4457],[-2.4945,47.4499],[-2.4943,47.4526],[-2.5,47.4581],[-2.4937,47.4618],[-2.4947,47.4664],[-2.4902,47.466],[-2.4881,47.4712],[-2.4914,47.4776],[-2.5012,47.4882],[-2.4987,47.4947],[-2.4937,47.4966],[-2.4868,47.4947],[-2.4824,47.4959],[-2.4751,47.4923],[-2.4693,47.4877],[-2.4645,47.4872],[-2.4519,47.4905],[-2.4472,47.4946],[-2.4398,47.4937],[-2.4263,47.4943],[-2.4131,47.4914],[-2.4051,47.4936],[-2.3948,47.502],[-2.3911,47.5012],[-2.3865,47.497],[-2.3821,47.5001],[-2.3867,47.5047],[-2.3931,47.5061],[-2.3987,47.5052],[-2.4114,47.4964],[-2.4185,47.4971],[-2.4247,47.5],[-2.4395,47.4987],[-2.4452,47.5001],[-2.4544,47.507],[-2.4603,47.508],[-2.4666,47.5121],[-2.4808,47.5133],[-2.4849,47.5164],[-2.4915,47.516],[-2.4965,47.5177],[-2.5007,47.5149],[-2.5038,47.5174],[-2.5014,47.5197],[-2.5071,47.5241],[-2.5179,47.527],[-2.5215,47.527],[-2.5246,47.5247],[-2.5289,47.5254],[-2.5434,47.5234],[-2.545,47.518],[-2.5523,47.5147],[-2.5538,47.5114],[-2.5591,47.5136],[-2.568,47.5159],[-2.5774,47.5163],[-2.5869,47.5177],[-2.5966,47.5175],[-2.6061,47.5152],[-2.6096,47.5098],[-2.6223,47.5046],[-2.6274,47.5055],[-2.6321,47.5044],[-2.6339,47.5062],[-2.6316,47.5095],[-2.6397,47.5164],[-2.6437,47.5162],[-2.649,47.5181],[-2.6645,47.5187],[-2.6682,47.5128],[-2.6656,47.5092],[-2.6771,47.4996],[-2.6807,47.4977],[-2.6797,47.4939],[-2.6943,47.5003],[-2.7158,47.5061],[-2.7288,47.5067],[-2.7353,47.5056],[-2.7405,47.5032],[-2.74,47.5005],[-2.7571,47.4973],[-2.7693,47.4977],[-2.7797,47.496],[-2.7865,47.4928],[-2.7866,47.4897],[-2.7922,47.4889],[-2.7927,47.4847],[-2.7975,47.4854],[-2.8002,47.4873],[-2.8077,47.4891],[-2.8149,47.4868],[-2.8214,47.4898],[-2.8241,47.4896],[-2.8303,47.4926],[-2.835,47.4925],[-2.8501,47.4985],[-2.851,47.5016],[-2.8492,47.5038],[-2.8472,47.5122],[-2.8551,47.5187],[-2.8584,47.519],[-2.8595,47.5233],[-2.8633,47.5268],[-2.8755,47.5346],[-2.8887,47.538],[-2.8964,47.538],[-2.8976,47.535],[-2.9036,47.5344],[-2.9056,47.5371],[-2.8925,47.5426],[-2.8957,47.5457],[-2.899,47.5425],[-2.909,47.5423],[-2.9142,47.5459],[-2.908,47.5505],[-2.91,47.5535],[-2.9087,47.5605],[-2.9021,47.5597],[-2.8974,47.5632],[-2.8968,47.558],[-2.8936,47.5552],[-2.8884,47.5598],[-2.8842,47.561],[-2.8807,47.5642],[-2.8766,47.561],[-2.8792,47.5567],[-2.8757,47.5543],[-2.8691,47.5573],[-2.8695,47.5538],[-2.8638,47.5529],[-2.8582,47.5508],[-2.8578,47.5451],[-2.8593,47.541],[-2.8524,47.5372],[-2.8488,47.5404],[-2.8536,47.5418],[-2.8483,47.5482],[-2.8413,47.5439],[-2.8306,47.5459],[-2.8275,47.542],[-2.8247,47.5436],[-2.8199,47.5437],[-2.8192,47.5483],[-2.8238,47.5511],[-2.824,47.5569],[-2.8159,47.5541],[-2.8072,47.5528],[-2.8053,47.5479],[-2.8077,47.5434],[-2.8029,47.5398],[-2.7964,47.5427],[-2.7998,47.5477],[-2.7943,47.5501],[-2.7855,47.5524],[-2.7854,47.5473],[-2.7823,47.5458],[-2.7763,47.547],[-2.7807,47.5398],[-2.7645,47.5387],[-2.7562,47.5372],[-2.7502,47.5387],[-2.7425,47.5442],[-2.7332,47.5427],[-2.7297,47.5441],[-2.7284,47.5478],[-2.7313,47.5542],[-2.7285,47.5609],[-2.7263,47.5628],[-2.7289,47.5681],[-2.7169,47.5737],[-2.7138,47.5801],[-2.7186,47.5839],[-2.7182,47.5879],[-2.7217,47.5911],[-2.7263,47.5909],[-2.7297,47.5927],[-2.7267,47.5952],[-2.7216,47.5913],[-2.7184,47.5922],[-2.7195,47.5961],[-2.7176,47.5986],[-2.7209,47.6033],[-2.7277,47.6023],[-2.7316,47.6055],[-2.7321,47.5988],[-2.7418,47.6056],[-2.7513,47.61],[-2.7533,47.6098],[-2.7595,47.6151],[-2.7646,47.614],[-2.7726,47.6177],[-2.7784,47.619],[-2.7796,47.6222],[-2.7783,47.6254],[-2.7745,47.6253],[-2.7669,47.6225],[-2.7646,47.6232],[-2.7576,47.6202],[-2.7562,47.618],[-2.751,47.6176],[-2.7464,47.6188],[-2.7433,47.6146],[-2.7391,47.6138],[-2.7354,47.6158],[-2.7411,47.619],[-2.7436,47.6241],[-2.7463,47.6209],[-2.7507,47.622],[-2.7538,47.6283],[-2.7576,47.63],[-2.7549,47.6341],[-2.7555,47.6384],[-2.7614,47.6407],[-2.7624,47.6334],[-2.7641,47.6317],[-2.7701,47.6302],[-2.7781,47.6329],[-2.7804,47.6321],[-2.7768,47.6279],[-2.7821,47.6261],[-2.7813,47.6224],[-2.7861,47.6218],[-2.79,47.6194],[-2.7948,47.6204],[-2.8012,47.618],[-2.8048,47.621],[-2.8119,47.6225],[-2.8216,47.6195],[-2.8256,47.6159],[-2.8349,47.6134],[-2.8301,47.6182],[-2.8328,47.6204],[-2.8385,47.6169],[-2.848,47.6179],[-2.8593,47.6232],[-2.8629,47.6222],[-2.8667,47.6178],[-2.8594,47.6185],[-2.8561,47.6146],[-2.8635,47.6111],[-2.8684,47.6071],[-2.8676,47.6053],[-2.8589,47.6022],[-2.8642,47.5967],[-2.8721,47.5985],[-2.8856,47.6038],[-2.8888,47.6032],[-2.8918,47.5983],[-2.8888,47.5926],[-2.8908,47.5861],[-2.8906,47.5818],[-2.896,47.5825],[-2.8994,47.5855],[-2.9028,47.5826],[-2.9064,47.5832],[-2.9039,47.5876],[-2.9083,47.5917],[-2.9142,47.5917],[-2.9149,47.5875],[-2.9221,47.585],[-2.9257,47.586],[-2.9277,47.5932],[-2.9263,47.5945],[-2.9269,47.6014],[-2.9294,47.6025],[-2.9371,47.5967],[-2.9421,47.5984],[-2.9433,47.6026],[-2.9462,47.6031],[-2.9466,47.6076],[-2.951,47.61],[-2.947,47.6116],[-2.9494,47.6213],[-2.9441,47.6252],[-2.939,47.627],[-2.9409,47.6288],[-2.9469,47.6294],[-2.9491,47.6277],[-2.9562,47.6261],[-2.959,47.6293],[-2.9582,47.6342],[-2.9606,47.6362],[-2.9547,47.6388],[-2.9673,47.6388],[-2.9678,47.6409],[-2.964,47.6444],[-2.9668,47.6489],[-2.9762,47.6572],[-2.9791,47.6548],[-2.9754,47.6454],[-2.9703,47.6443],[-2.9717,47.6406],[-2.9713,47.6354],[-2.9681,47.6325],[-2.9633,47.6343],[-2.9609,47.6313],[-2.9604,47.6239],[-2.9569,47.6208],[-2.956,47.6167],[-2.9597,47.6147],[-2.9647,47.607],[-2.9653,47.6018],[-2.9598,47.6011],[-2.9548,47.5983],[-2.9545,47.596],[-2.96,47.5945],[-2.9651,47.5888],[-2.9628,47.5847],[-2.9562,47.5795],[-2.9479,47.5794],[-2.9443,47.5714],[-2.942,47.5681],[-2.9379,47.5659],[-2.9349,47.5614],[-2.9285,47.5593],[-2.9263,47.5571],[-2.9295,47.5543],[-2.9349,47.5551],[-2.938,47.554],[-2.9511,47.5578],[-2.9551,47.5615],[-2.9581,47.559],[-2.9638,47.557],[-2.9694,47.5579],[-2.9689,47.5614],[-2.9741,47.5684],[-2.9704,47.5693],[-2.9722,47.5723],[-2.9777,47.5748],[-2.9822,47.5787],[-2.9849,47.5771],[-2.9922,47.5819],[-2.9893,47.5837],[-2.9935,47.5857],[-2.9978,47.5859],[-2.9957,47.5806],[-2.9932,47.5779],[-2.9925,47.5719],[-2.9983,47.5697],[-2.9967,47.5664],[-3.0074,47.5685],[-3.0077,47.5712],[-3.0112,47.5747],[-3.012,47.5809],[-3.0166,47.5841],[-3.0193,47.5885],[-3.0227,47.5916],[-3.0271,47.5918],[-3.0284,47.5891],[-3.0265,47.5856],[-3.0269,47.5822],[-3.0222,47.5794],[-3.0235,47.5735],[-3.0203,47.5711],[-3.0195,47.5677],[-3.0251,47.5683],[-3.0297,47.5736],[-3.0382,47.5735],[-3.0398,47.577],[-3.0377,47.5815],[-3.0429,47.5878],[-3.0445,47.5875],[-3.0427,47.5783],[-3.0525,47.578],[-3.0525,47.5748],[-3.0564,47.5712],[-3.0625,47.5724],[-3.0715,47.5716],[-3.0792,47.5692],[-3.0887,47.565],[-3.0966,47.5641],[-3.0975,47.5689],[-3.1015,47.57],[-3.1063,47.5738],[-3.1051,47.5779],[-3.1006,47.58],[-3.1034,47.5847],[-3.1088,47.5852],[-3.1143,47.5898],[-3.1196,47.5912],[-3.121,47.5957],[-3.1259,47.5986],[-3.1311,47.5962],[-3.1275,47.592],[-3.1303,47.5896],[-3.1311,47.5821],[-3.1304,47.5754],[-3.1267,47.5723],[-3.1166,47.5773],[-3.1155,47.5752],[-3.1195,47.5729],[-3.1252,47.5664],[-3.1262,47.5622],[-3.1289,47.5584],[-3.1306,47.5496],[-3.1336,47.5463],[-3.1341,47.5424],[-3.1311,47.5389],[-3.1334,47.5326],[-3.1311,47.5269],[-3.1283,47.5259],[-3.1298,47.5225],[-3.1267,47.5201],[-3.1267,47.5136],[-3.1255,47.5119],[-3.1178,47.5098],[-3.1197,47.503],[-3.1174,47.4964],[-3.1136,47.4958],[-3.1087,47.4889],[-3.1052,47.4883],[-3.101,47.4849],[-3.0943,47.4828],[-3.0933,47.4781],[-3.0895,47.4725],[-3.0946,47.4736],[-3.1055,47.4737],[-3.1086,47.471],[-3.1136,47.4772],[-3.121,47.4797],[-3.1252,47.4781],[-3.1301,47.4744],[-3.1402,47.4824],[-3.1442,47.4845],[-3.1453,47.4886],[-3.1424,47.4906],[-3.1478,47.4947],[-3.1517,47.5036],[-3.1489,47.5088],[-3.1524,47.5105],[-3.1507,47.5137],[-3.1531,47.5175],[-3.1545,47.5234],[-3.1589,47.5247],[-3.1585,47.5275],[-3.1524,47.5277],[-3.1505,47.5297],[-3.1446,47.5315],[-3.1419,47.5343],[-3.137,47.5439],[-3.1344,47.5473],[-3.1383,47.5616],[-3.1389,47.5763],[-3.14,47.5798],[-3.15,47.5965],[-3.1599,47.6074],[-3.1703,47.6129],[-3.1763,47.614],[-3.1832,47.6166],[-3.1883,47.6207],[-3.1974,47.6239],[-3.198,47.6288],[-3.2042,47.6363],[-3.2088,47.6397],[-3.2104,47.644],[-3.205,47.6475],[-3.2043,47.6516],[-3.2068,47.655],[-3.2064,47.6581],[-3.2082,47.6622],[-3.2065,47.6647],[-3.1999,47.6624],[-3.1922,47.661],[-3.1911,47.663],[-3.2003,47.664],[-3.2046,47.6666],[-3.209,47.6667],[-3.2085,47.6699],[-3.2045,47.6691],[-3.1961,47.6781],[-3.1885,47.6799],[-3.191,47.6815],[-3.1851,47.6852],[-3.1839,47.6822],[-3.1761,47.6813],[-3.1744,47.6834],[-3.1681,47.6806],[-3.1618,47.6839],[-3.163,47.6863],[-3.158,47.6895],[-3.155,47.6866],[-3.1499,47.69],[-3.1512,47.6927],[-3.1654,47.6956],[-3.1723,47.6933],[-3.1773,47.6941],[-3.1845,47.6935],[-3.1968,47.6879],[-3.2027,47.6907],[-3.2057,47.6892],[-3.2101,47.6908],[-3.2106,47.6981],[-3.2161,47.6958],[-3.2156,47.6929],[-3.2064,47.6878],[-3.2055,47.6847],[-3.2005,47.6836],[-3.2001,47.681],[-3.2038,47.6769],[-3.208,47.6769],[-3.2065,47.6729],[-3.2175,47.6675],[-3.2117,47.661],[-3.2119,47.6566],[-3.2103,47.651],[-3.214,47.6439],[-3.2222,47.649],[-3.2405,47.6612],[-3.25,47.6649],[-3.2539,47.6689],[-3.2714,47.6791],[-3.2882,47.6856],[-3.308,47.6911],[-3.3216,47.6938],[-3.3435,47.6954],[-3.3527,47.6927],[-3.3533,47.6892],[-3.3594,47.6879],[-3.36,47.6905],[-3.358,47.6938],[-3.3551,47.6942],[-3.3548,47.6988],[-3.3527,47.7008],[-3.3452,47.6959],[-3.3365,47.6981],[-3.3316,47.6985],[-3.3248,47.7018],[-3.3233,47.6994],[-3.3103,47.6931],[-3.3047,47.6923],[-3.2983,47.6896],[-3.2837,47.6859],[-3.28,47.6884],[-3.2874,47.7],[-3.2882,47.7032],[-3.3043,47.7024],[-3.3138,47.7077],[-3.323,47.7051],[-3.327,47.7089],[-3.3314,47.7074],[-3.3412,47.7089],[-3.351,47.7032],[-3.3548,47.7036],[-3.3604,47.7079],[-3.3566,47.7109],[-3.3536,47.7085],[-3.3504,47.7097],[-3.3522,47.7147],[-3.3445,47.7143],[-3.3431,47.7198],[-3.348,47.7225],[-3.3443,47.7285],[-3.3489,47.731],[-3.3478,47.7345],[-3.3286,47.7354],[-3.323,47.735],[-3.3178,47.7381],[-3.3142,47.7426],[-3.3142,47.7464],[-3.3074,47.7474],[-3.3017,47.7583],[-3.3027,47.7627],[-3.2974,47.7693],[-3.2865,47.7683],[-3.2819,47.7768],[-3.2844,47.7798],[-3.2874,47.7786],[-3.2861,47.7746],[-3.2874,47.7723],[-3.2919,47.7719],[-3.2965,47.7757],[-3.3004,47.7745],[-3.3007,47.7687],[-3.303,47.7652],[-3.3114,47.7624],[-3.3159,47.7562],[-3.3246,47.747],[-3.3267,47.7472],[-3.3339,47.7431],[-3.3422,47.7413],[-3.345,47.7421],[-3.3478,47.7467],[-3.3517,47.758],[-3.3575,47.7625],[-3.3635,47.762],[-3.3615,47.7585],[-3.355,47.7574],[-3.3512,47.7486],[-3.3514,47.7435],[-3.356,47.7326],[-3.3595,47.7294],[-3.366,47.7278],[-3.3708,47.7231],[-3.3679,47.7159],[-3.3745,47.713],[-3.3763,47.709],[-3.3846,47.7027],[-3.3916,47.7008],[-3.3958,47.7022],[-3.4061,47.7031],[-3.4126,47.7022],[-3.4154,47.7005],[-3.4207,47.7011],[-3.4244,47.7046],[-3.4304,47.7035],[-3.4402,47.6981],[-3.4435,47.6997],[-3.4462,47.6968],[-3.4505,47.6952],[-3.4543,47.696],[-3.4569,47.6987],[-3.4606,47.6984],[-3.4588,47.7034],[-3.467,47.7073],[-3.4775,47.7153],[-3.4824,47.716],[-3.4875,47.7222],[-3.4937,47.7246],[-3.5,47.7317],[-3.5045,47.7434],[-3.5123,47.7529],[-3.5166,47.7563],[-3.523,47.7596],[-3.5233,47.7624],[-3.5301,47.7658],[-3.5267,47.7672],[-3.5259,47.7708],[-3.5299,47.7743],[-3.5296,47.7827],[-3.525,47.7848],[-3.5256,47.7877],[-3.5287,47.7896],[-3.5249,47.7916],[-3.5253,47.7957],[-3.5319,47.7905],[-3.5283,47.7861],[-3.5325,47.782],[-3.5335,47.7728],[-3.5314,47.7709],[-3.5331,47.767],[-3.5376,47.7659],[-3.5375,47.7632],[-3.542,47.7634],[-3.5471,47.766],[-3.5548,47.7644],[-3.5566,47.7663],[-3.5647,47.7688],[-3.5735,47.7695],[-3.5804,47.7668],[-3.5874,47.769],[-3.5932,47.768],[-3.5974,47.7701],[-3.6005,47.7687],[-3.6074,47.7702],[-3.6126,47.7686],[-3.6212,47.7714],[-3.6262,47.77],[-3.6294,47.7725],[-3.634,47.7729],[-3.6394,47.7762],[-3.6454,47.774],[-3.6463,47.7786],[-3.6507,47.7798],[-3.6563,47.7791],[-3.664,47.7818],[-3.67,47.7816],[-3.6741,47.7765],[-3.6822,47.7771],[-3.694,47.7844],[-3.7003,47.7869],[-3.7231,47.7991],[-3.7205,47.801],[-3.7227,47.8034],[-3.718,47.807],[-3.7125,47.8074],[-3.7109,47.8114],[-3.7078,47.8132],[-3.7029,47.8124],[-3.6998,47.8171],[-3.6971,47.819],[-3.685,47.8187],[-3.6806,47.8223],[-3.6712,47.8244],[-3.6653,47.8238],[-3.6559,47.8208],[-3.6578,47.8244],[-3.6732,47.8254],[-3.6754,47.8242],[-3.6832,47.8231],[-3.6861,47.8205],[-3.6918,47.8202],[-3.696,47.8218],[-3.704,47.8179],[-3.7044,47.8151],[-3.7114,47.8135],[-3.7146,47.8101],[-3.7195,47.8089],[-3.7247,47.8051],[-3.7343,47.8038],[-3.7418,47.8124],[-3.7446,47.821],[-3.7429,47.8237],[-3.7451,47.8299],[-3.7495,47.8325],[-3.746,47.8351],[-3.7483,47.8388],[-3.7527,47.8392],[-3.7565,47.8364],[-3.7514,47.8282],[-3.7459,47.8266],[-3.7454,47.819],[-3.7495,47.8165],[-3.7448,47.8139],[-3.7394,47.8053],[-3.7412,47.8042],[-3.7387,47.7993],[-3.7424,47.797],[-3.7559,47.7916],[-3.7622,47.7902],[-3.7665,47.7918],[-3.7698,47.79],[-3.7868,47.7912],[-3.7936,47.7902],[-3.8,47.7875],[-3.8068,47.7891],[-3.8112,47.7941],[-3.8181,47.7963],[-3.8239,47.7971],[-3.8341,47.7961],[-3.8385,47.7975],[-3.8464,47.7923],[-3.8508,47.7926],[-3.8533,47.7948],[-3.8503,47.7977],[-3.8539,47.8033],[-3.8603,47.8076],[-3.8681,47.8115],[-3.8794,47.8218],[-3.884,47.8237],[-3.8864,47.828],[-3.8934,47.8332],[-3.9017,47.8343],[-3.9019,47.8401],[-3.8984,47.8415],[-3.899,47.8464],[-3.8898,47.8477],[-3.8907,47.8492],[-3.8975,47.849],[-3.9064,47.8512],[-3.9097,47.85],[-3.9129,47.8546],[-3.9193,47.8561],[-3.9134,47.8592],[-3.9069,47.856],[-3.9035,47.8574],[-3.9112,47.8665],[-3.9117,47.8711],[-3.9072,47.873],[-3.9116,47.8762],[-3.9174,47.8738],[-3.9153,47.8689],[-3.9302,47.8714],[-3.9292,47.8744],[-3.9302,47.8783],[-3.9345,47.8826],[-3.9398,47.8834],[-3.9478,47.8881],[-3.9496,47.8932],[-3.947,47.8967],[-3.9513,47.8982],[-3.952,47.8944],[-3.9562,47.8945],[-3.9588,47.8972],[-3.9676,47.8963],[-3.9728,47.895],[-3.977,47.8982],[-3.9814,47.8964],[-3.9887,47.8956],[-3.9875,47.891],[-3.9806,47.8886],[-3.9901,47.883],[-3.9851,47.8754],[-3.9843,47.8698],[-3.9861,47.867],[-3.9841,47.861],[-3.9776,47.8538],[-3.9919,47.8536],[-4.0026,47.8516],[-4.0217,47.8508],[-4.0305,47.8495],[-4.0362,47.8475],[-4.0397,47.8448],[-4.0478,47.851],[-4.0599,47.8577],[-4.0603,47.8609],[-4.0679,47.8639],[-4.0738,47.8646],[-4.075,47.8675],[-4.0799,47.8651],[-4.0877,47.8646],[-4.0908,47.861],[-4.0989,47.8627],[-4.102,47.8672],[-4.1016,47.8703],[-4.11,47.8712],[-4.1167,47.8769],[-4.1165,47.8841],[-4.1244,47.8882],[-4.1253,47.8913],[-4.131,47.8942],[-4.1331,47.8986],[-4.1384,47.8983],[-4.1414,47.9004],[-4.1422,47.9063],[-4.1445,47.9093],[-4.1436,47.9138],[-4.1391,47.9214],[-4.1361,47.9246],[-4.1316,47.925],[-4.1305,47.9297],[-4.1261,47.9305],[-4.1173,47.9301],[-4.1136,47.9315],[-4.1091,47.9367],[-4.1096,47.9419],[-4.1082,47.945],[-4.1091,47.9492],[-4.1028,47.9504],[-4.0975,47.9535],[-4.096,47.9594],[-4.0958,47.9697],[-4.102,47.9746],[-4.1171,47.9754],[-4.1125,47.9721],[-4.101,47.9705],[-4.1028,47.9676],[-4.1099,47.9638],[-4.113,47.9666],[-4.1159,47.9649],[-4.1122,47.9607],[-4.1116,47.9564],[-4.1134,47.9526],[-4.1121,47.9504],[-4.1137,47.9451],[-4.1114,47.9414],[-4.1111,47.9369],[-4.118,47.9315],[-4.1288,47.9323],[-4.1328,47.9302],[-4.1318,47.9272],[-4.136,47.9258],[-4.1414,47.9259],[-4.142,47.9194],[-4.1488,47.9126],[-4.1487,47.9065],[-4.1466,47.9044],[-4.1457,47.8973],[-4.1519,47.8978],[-4.1578,47.8958],[-4.1618,47.8974],[-4.1676,47.8967],[-4.1709,47.8948],[-4.1577,47.8931],[-4.1558,47.8954],[-4.1493,47.8937],[-4.1452,47.8957],[-4.1381,47.8949],[-4.1363,47.8923],[-4.1298,47.8892],[-4.1213,47.8822],[-4.1226,47.8785],[-4.1172,47.8723],[-4.1143,47.8713],[-4.1123,47.8652],[-4.1132,47.8622],[-4.1206,47.8647],[-4.1273,47.8636],[-4.1405,47.8595],[-4.1513,47.8547],[-4.1618,47.8494],[-4.1668,47.845],[-4.1684,47.8498],[-4.1652,47.8521],[-4.1668,47.8585],[-4.1713,47.8624],[-4.1696,47.8657],[-4.1764,47.8724],[-4.1706,47.8732],[-4.1804,47.8793],[-4.1832,47.8792],[-4.1844,47.875],[-4.1907,47.8764],[-4.1923,47.8727],[-4.192,47.8675],[-4.1968,47.8623],[-4.2007,47.86],[-4.198,47.8569],[-4.1897,47.8515],[-4.1905,47.8464],[-4.1821,47.8422],[-4.1798,47.8392],[-4.1824,47.8372],[-4.1778,47.8342],[-4.1723,47.8341],[-4.1679,47.8357],[-4.1591,47.8313],[-4.1632,47.8275],[-4.1615,47.8238],[-4.1667,47.8193],[-4.166,47.814],[-4.1701,47.8138],[-4.1757,47.811],[-4.1764,47.805],[-4.1808,47.8034],[-4.1835,47.8003],[-4.1959,47.7967],[-4.2027,47.7997],[-4.2079,47.7997],[-4.2125,47.7981],[-4.2171,47.7934],[-4.2336,47.7935],[-4.2499,47.7912],[-4.2609,47.7917],[-4.2678,47.7903],[-4.2726,47.7919],[-4.2783,47.792],[-4.2784,47.7942],[-4.2854,47.7924],[-4.2932,47.7925],[-4.2936,47.7969],[-4.3005,47.8004],[-4.3135,47.8006],[-4.3245,47.7978],[-4.3462,47.7993],[-4.3542,47.7971],[-4.3687,47.7963],[-4.3735,47.799],[-4.3748,47.804],[-4.3715,47.8081],[-4.3726,47.8113],[-4.3762,47.814],[-4.3836,47.8135],[-4.3805,47.8175],[-4.3801,47.8217],[-4.3754,47.8247],[-4.3661,47.8284],[-4.3623,47.8265],[-4.3563,47.8269],[-4.3484,47.8321],[-4.3462,47.8398],[-4.3491,47.8547],[-4.3533,47.8643],[-4.3557,47.8715],[-4.3624,47.8866],[-4.3627,47.889],[-4.3671,47.8949],[-4.3808,47.9175],[-4.3858,47.9248],[-4.3939,47.9334],[-4.4007,47.9388],[-4.4085,47.9427],[-4.4115,47.9491],[-4.4152,47.9542],[-4.4238,47.9629],[-4.4274,47.9633],[-4.4328,47.9681],[-4.4415,47.9731],[-4.4446,47.9738],[-4.4509,47.981],[-4.4622,47.9844],[-4.4701,47.9847],[-4.4761,47.9861],[-4.4788,47.9904],[-4.4826,47.9935],[-4.4916,47.9971],[-4.4996,48.0014],[-4.5097,48.0047],[-4.5178,48.0062],[-4.524,48.0056],[-4.537,48.0119],[-4.5333,48.0172],[-4.5328,48.0215],[-4.5354,48.0247],[-4.5386,48.0225],[-4.535,48.0192],[-4.5416,48.0109],[-4.5463,48.0115],[-4.5542,48.0102],[-4.5565,48.0052],[-4.5661,47.9997],[-4.572,48.0028],[-4.578,48.0046],[-4.5808,48.0039],[-4.5917,48.0095],[-4.5983,48.0152],[-4.604,48.0151],[-4.6127,48.0178],[-4.6145,48.0169],[-4.6212,48.0177],[-4.6226,48.0205],[-4.628,48.0221],[-4.6287,48.0254],[-4.6322,48.0292],[-4.6372,48.0285],[-4.6427,48.0234],[-4.6502,48.0233],[-4.654,48.0218],[-4.6665,48.0259],[-4.6827,48.0271],[-4.6899,48.0263],[-4.6942,48.0286],[-4.6999,48.0281],[-4.7088,48.0315],[-4.7117,48.0341],[-4.716,48.0327],[-4.7222,48.0341],[-4.7264,48.0329],[-4.7283,48.0352],[-4.7383,48.0398],[-4.7204,48.042],[-4.7134,48.0415],[-4.7063,48.0454],[-4.7053,48.0491],[-4.7144,48.0538],[-4.7128,48.0563],[-4.7163,48.063],[-4.7119,48.065],[-4.7031,48.062],[-4.6983,48.0624],[-4.6855,48.0613],[-4.6812,48.0626],[-4.6788,48.0611],[-4.6722,48.0637],[-4.6678,48.0671],[-4.6676,48.0716],[-4.6631,48.0693],[-4.6574,48.0684],[-4.6464,48.0688],[-4.6431,48.0671],[-4.6369,48.0689],[-4.6296,48.0675],[-4.6297,48.0726],[-4.6225,48.0697],[-4.614,48.0717],[-4.6108,48.0715],[-4.6065,48.0746],[-4.5998,48.0763],[-4.5913,48.0759],[-4.5881,48.079],[-4.579,48.0816],[-4.5723,48.0812],[-4.5667,48.0821],[-4.5595,48.0779],[-4.5529,48.077],[-4.5477,48.0777],[-4.5463,48.0805],[-4.542,48.0821],[-4.5403,48.0877],[-4.5364,48.0898],[-4.5262,48.0856],[-4.5158,48.0892],[-4.5075,48.0898],[-4.5053,48.0883],[-4.5003,48.0911],[-4.4976,48.088],[-4.4932,48.0879],[-4.489,48.0862],[-4.4775,48.0932],[-4.4776,48.0951],[-4.4673,48.0956],[-4.4668,48.0991],[-4.4598,48.0967],[-4.4496,48.0986],[-4.4395,48.0966],[-4.4334,48.0966],[-4.4313,48.0991],[-4.4231,48.1005],[-4.4237,48.1028],[-4.4187,48.1061],[-4.413,48.1071],[-4.4064,48.1035],[-4.4025,48.1057],[-4.3945,48.1043],[-4.3831,48.1061],[-4.3738,48.1103],[-4.3622,48.1092],[-4.3603,48.1067],[-4.3519,48.1023],[-4.3415,48.1008],[-4.3375,48.095],[-4.3355,48.0968],[-4.3237,48.098],[-4.3238,48.0932],[-4.3196,48.092],[-4.3151,48.0927],[-4.3056,48.0891],[-4.2993,48.0908],[-4.2978,48.0955],[-4.2939,48.1],[-4.2868,48.1032],[-4.2809,48.1171],[-4.2835,48.1204],[-4.2856,48.1261],[-4.2792,48.1286],[-4.2753,48.1341],[-4.2716,48.1332],[-4.2729,48.1456],[-4.2725,48.1515],[-4.275,48.156],[-4.2832,48.1568],[-4.2858,48.1557],[-4.2914,48.1589],[-4.2961,48.1592],[-4.2944,48.1621],[-4.2958,48.1654],[-4.2918,48.1693],[-4.291,48.1755],[-4.2953,48.1832],[-4.3044,48.1964],[-4.312,48.1971],[-4.3161,48.2037],[-4.3278,48.2041],[-4.3348,48.2071],[-4.3376,48.2055],[-4.3443,48.2065],[-4.3585,48.2053],[-4.3621,48.2067],[-4.3686,48.2052],[-4.3738,48.2075],[-4.369,48.2096],[-4.3742,48.2157],[-4.3781,48.2188],[-4.3865,48.2196],[-4.392,48.2172],[-4.3924,48.2203],[-4.3998,48.22],[-4.4062,48.2232],[-4.4151,48.2234],[-4.4147,48.2262],[-4.4188,48.2277],[-4.4219,48.2266],[-4.4263,48.2296],[-4.4294,48.2282],[-4.4331,48.2307],[-4.4375,48.2314],[-4.4485,48.2357],[-4.459,48.2354],[-4.4644,48.2395],[-4.4747,48.236],[-4.4874,48.2363],[-4.4973,48.2336],[-4.5005,48.2314],[-4.5027,48.2262],[-4.4942,48.2205],[-4.498,48.2166],[-4.5034,48.2156],[-4.5105,48.2118],[-4.5112,48.2087],[-4.5145,48.2062],[-4.5137,48.2018],[-4.5208,48.1952],[-4.5183,48.192],[-4.5228,48.1908],[-4.5271,48.1855],[-4.5401,48.181],[-4.539,48.1763],[-4.5414,48.1739],[-4.5392,48.171],[-4.5427,48.1683],[-4.5538,48.168],[-4.5583,48.1709],[-4.5577,48.1751],[-4.5596,48.177],[-4.5528,48.1796],[-4.5506,48.1885],[-4.553,48.1903],[-4.5501,48.1943],[-4.5516,48.1987],[-4.5531,48.2114],[-4.5567,48.2137],[-4.5573,48.2169],[-4.5603,48.2199],[-4.5587,48.2221],[-4.5612,48.2297],[-4.5647,48.2323],[-4.5715,48.2318],[-4.5699,48.2354],[-4.5598,48.236],[-4.5572,48.2386],[-4.5452,48.2406],[-4.5443,48.2483],[-4.5497,48.2552],[-4.5587,48.259],[-4.5661,48.2549],[-4.5723,48.2535],[-4.5754,48.2549],[-4.5824,48.2506],[-4.5836,48.2527],[-4.589,48.2535],[-4.5968,48.2521],[-4.5957,48.2553],[-4.6022,48.258],[-4.6026,48.2601],[-4.6133,48.2621],[-4.618,48.261],[-4.6195,48.2559],[-4.6243,48.2562],[-4.6228,48.2622],[-4.6206,48.263],[-4.6151,48.2726],[-4.6196,48.2779],[-4.6196,48.2806],[-4.616,48.2817],[-4.6117,48.2801],[-4.6071,48.2863],[-4.6006,48.2873],[-4.6011,48.2826],[-4.5983,48.2811],[-4.5962,48.2773],[-4.5921,48.275],[-4.5807,48.2768],[-4.5761,48.2792],[-4.5746,48.2821],[-4.5694,48.2829],[-4.5661,48.2881],[-4.5683,48.292],[-4.5681,48.2959],[-4.5736,48.2996],[-4.5707,48.3055],[-4.5755,48.3096],[-4.5737,48.3129],[-4.5765,48.3169],[-4.5797,48.3188],[-4.5773,48.3237],[-4.572,48.3263],[-4.5712,48.3299],[-4.5647,48.3312],[-4.5576,48.3356],[-4.5545,48.3386],[-4.5453,48.3393],[-4.5331,48.3419],[-4.5322,48.3398],[-4.5384,48.3316],[-4.5453,48.3252],[-4.5437,48.3211],[-4.5462,48.3175],[-4.547,48.3113],[-4.5509,48.3061],[-4.5562,48.3038],[-4.5565,48.3],[-4.5532,48.2948],[-4.5438,48.2905],[-4.5413,48.2875],[-4.5359,48.2841],[-4.5276,48.2868],[-4.5218,48.2915],[-4.5262,48.2924],[-4.5259,48.2953],[-4.5177,48.2996],[-4.5083,48.3104],[-4.4995,48.3112],[-4.5017,48.3056],[-4.5088,48.3008],[-4.5145,48.2952],[-4.5157,48.2908],[-4.5116,48.2905],[-4.5063,48.2863],[-4.5091,48.2844],[-4.5032,48.281],[-4.4876,48.2829],[-4.4802,48.2856],[-4.4683,48.2879],[-4.4636,48.2909],[-4.4584,48.2922],[-4.4502,48.2925],[-4.4486,48.2912],[-4.4419,48.2919],[-4.4269,48.2909],[-4.4195,48.2936],[-4.4182,48.2905],[-4.4209,48.2865],[-4.4124,48.2781],[-4.4085,48.2756],[-4.3975,48.2747],[-4.3804,48.2756],[-4.3724,48.2778],[-4.3649,48.2785],[-4.3581,48.2822],[-4.3536,48.286],[-4.3415,48.2863],[-4.3382,48.2848],[-4.3304,48.2904],[-4.3233,48.2912],[-4.3171,48.2941],[-4.3064,48.2976],[-4.287,48.2974],[-4.2718,48.2959],[-4.2648,48.2929],[-4.2641,48.2884],[-4.2677,48.2839],[-4.2721,48.2865],[-4.273,48.2888],[-4.2803,48.2898],[-4.2847,48.2882],[-4.2871,48.281],[-4.2814,48.2751],[-4.2768,48.2721],[-4.2686,48.2689],[-4.2601,48.2667],[-4.2556,48.2633],[-4.2614,48.2604],[-4.2598,48.2586],[-4.2552,48.26],[-4.2518,48.2557],[-4.2454,48.2539],[-4.244,48.25],[-4.2406,48.2509],[-4.2331,48.2501],[-4.2285,48.2514],[-4.2226,48.2573],[-4.2168,48.2571],[-4.2141,48.2528],[-4.2148,48.2508],[-4.2109,48.247],[-4.2034,48.245],[-4.2003,48.2457],[-4.1997,48.2494],[-4.2044,48.2492],[-4.208,48.2511],[-4.2086,48.2555],[-4.2139,48.2602],[-4.2184,48.2612],[-4.2239,48.2606],[-4.2307,48.2567],[-4.2353,48.2566],[-4.2402,48.2542],[-4.2439,48.2573],[-4.2484,48.2652],[-4.2526,48.2678],[-4.2617,48.27],[-4.2672,48.2731],[-4.279,48.2778],[-4.2769,48.2812],[-4.2717,48.2795],[-4.2604,48.2799],[-4.2435,48.2864],[-4.2334,48.2919],[-4.2276,48.2906],[-4.2265,48.2881],[-4.2107,48.2913],[-4.2026,48.2943],[-4.196,48.2922],[-4.1911,48.2949],[-4.192,48.2977],[-4.1976,48.2969],[-4.2009,48.2978],[-4.2182,48.2972],[-4.2216,48.296],[-4.2288,48.2966],[-4.2383,48.3004],[-4.237,48.3027],[-4.2411,48.3056],[-4.2408,48.3078],[-4.2264,48.3124],[-4.2275,48.3135],[-4.241,48.3107],[-4.2455,48.308],[-4.2447,48.3046],[-4.2488,48.3021],[-4.2523,48.3025],[-4.2579,48.3092],[-4.2719,48.3088],[-4.282,48.3126],[-4.2752,48.3167],[-4.2666,48.3182],[-4.2565,48.3226],[-4.2518,48.3232],[-4.2511,48.3269],[-4.2611,48.3234],[-4.2684,48.3225],[-4.2708,48.3195],[-4.2763,48.3211],[-4.2897,48.3128],[-4.2932,48.3116],[-4.3067,48.315],[-4.3109,48.3174],[-4.3178,48.3146],[-4.3204,48.3158],[-4.3349,48.3152],[-4.3245,48.3235],[-4.3184,48.3225],[-4.3168,48.3255],[-4.3225,48.3271],[-4.3181,48.3295],[-4.3097,48.3273],[-4.3028,48.3308],[-4.3059,48.3329],[-4.3161,48.3314],[-4.3174,48.3352],[-4.3109,48.3358],[-4.309,48.3376],[-4.2978,48.3381],[-4.2906,48.342],[-4.2836,48.3422],[-4.2802,48.3446],[-4.2893,48.3496],[-4.2826,48.3519],[-4.2803,48.3513],[-4.2673,48.3546],[-4.2666,48.3574],[-4.2764,48.3551],[-4.2854,48.3549],[-4.2868,48.353],[-4.2924,48.3532],[-4.2971,48.3562],[-4.3052,48.3541],[-4.3057,48.3497],[-4.3025,48.344],[-4.3143,48.3427],[-4.3171,48.3433],[-4.3274,48.3409],[-4.3312,48.3445],[-4.3306,48.3473],[-4.3262,48.3496],[-4.3262,48.3532],[-4.3197,48.3585],[-4.3224,48.3589],[-4.3301,48.3526],[-4.342,48.3474],[-4.3414,48.3452],[-4.3461,48.3427],[-4.3558,48.3449],[-4.3528,48.3507],[-4.3668,48.345],[-4.3697,48.3381],[-4.3689,48.3334],[-4.3727,48.3314],[-4.371,48.3291],[-4.3748,48.3263],[-4.3863,48.3249],[-4.393,48.3258],[-4.4038,48.3236],[-4.4082,48.3245],[-4.4175,48.3245],[-4.4109,48.3316],[-4.4043,48.3361],[-4.3977,48.3424],[-4.408,48.3387],[-4.4136,48.3382],[-4.421,48.333],[-4.4292,48.3314],[-4.4323,48.3295],[-4.4366,48.3291],[-4.4474,48.3256],[-4.4532,48.3285],[-4.4488,48.3299],[-4.4479,48.3355],[-4.4445,48.3396],[-4.4392,48.3414],[-4.4421,48.3437],[-4.4433,48.348],[-4.4409,48.3541],[-4.4362,48.3554],[-4.4364,48.3588],[-4.4342,48.363],[-4.4303,48.365],[-4.4188,48.3684],[-4.4083,48.3776],[-4.4075,48.3805],[-4.4001,48.3832],[-4.3958,48.3864],[-4.3869,48.389],[-4.3817,48.3916],[-4.3668,48.3955],[-4.3638,48.3996],[-4.3569,48.4027],[-4.3485,48.4018],[-4.342,48.4035],[-4.3359,48.4071],[-4.3276,48.4104],[-4.3222,48.4139],[-4.3176,48.4145],[-4.3107,48.417],[-4.3091,48.4196],[-4.298,48.4246],[-4.295,48.4279],[-4.2899,48.4303],[-4.2864,48.4335],[-4.2838,48.4334],[-4.2777,48.4368],[-4.2734,48.4413],[-4.2781,48.442],[-4.2786,48.4381],[-4.2879,48.4365],[-4.2936,48.4341],[-4.2966,48.4311],[-4.3018,48.4281],[-4.3016,48.4261],[-4.3092,48.4253],[-4.3141,48.42],[-4.3175,48.4202],[-4.329,48.4153],[-4.3363,48.4152],[-4.3424,48.4127],[-4.347,48.4074],[-4.3519,48.4091],[-4.3559,48.408],[-4.3589,48.4094],[-4.3686,48.4068],[-4.369,48.4015],[-4.3761,48.4003],[-4.3822,48.3968],[-4.3872,48.3978],[-4.393,48.3974],[-4.4009,48.39],[-4.4122,48.392],[-4.4177,48.3953],[-4.4267,48.3976],[-4.4333,48.3966],[-4.4335,48.3889],[-4.4354,48.3834],[-4.443,48.3819],[-4.45,48.3852],[-4.4534,48.3816],[-4.4588,48.3846],[-4.4627,48.3854],[-4.4675,48.381],[-4.4705,48.3807],[-4.4772,48.3832],[-4.4838,48.3827],[-4.489,48.3809],[-4.4967,48.3763],[-4.5028,48.3764],[-4.5071,48.3752],[-4.5215,48.3663],[-4.5305,48.3635],[-4.5336,48.358],[-4.5379,48.3573],[-4.5503,48.3622],[-4.5587,48.3547],[-4.5633,48.3565],[-4.5671,48.3549],[-4.5671,48.3521],[-4.5724,48.3492],[-4.5791,48.3491],[-4.5849,48.3479],[-4.593,48.3443],[-4.5971,48.3437],[-4.5994,48.3415],[-4.6053,48.3392],[-4.6146,48.3376],[-4.616,48.3393],[-4.628,48.3376],[-4.6323,48.3404],[-4.6325,48.343],[-4.6403,48.3459],[-4.651,48.345],[-4.659,48.3502],[-4.6645,48.3524],[-4.6694,48.3525],[-4.6729,48.3542],[-4.681,48.3557],[-4.6861,48.3533],[-4.691,48.3547],[-4.7008,48.3501],[-4.7031,48.3476],[-4.701,48.3452],[-4.7008,48.3403],[-4.6982,48.3376],[-4.7042,48.3361],[-4.7098,48.3307],[-4.7219,48.3299],[-4.7301,48.3302],[-4.7365,48.3333],[-4.7453,48.3296],[-4.7509,48.3299],[-4.7614,48.3279],[-4.7688,48.3284],[-4.7737,48.3301],[-4.7717,48.3355],[-4.7758,48.3362],[-4.7701,48.3465],[-4.7713,48.3487],[-4.7778,48.3515],[-4.7803,48.3538],[-4.7782,48.3564],[-4.7799,48.3584],[-4.775,48.3638],[-4.7859,48.3613],[-4.7874,48.3628],[-4.7854,48.3667],[-4.7783,48.3645],[-4.7698,48.365],[-4.7614,48.3717],[-4.7614,48.379],[-4.7658,48.381],[-4.7629,48.3835],[-4.7706,48.385],[-4.7725,48.3881],[-4.7758,48.3896],[-4.774,48.3934],[-4.7736,48.4048],[-4.7763,48.4068],[-4.7833,48.4045],[-4.7867,48.41],[-4.7954,48.4148],[-4.7917,48.418],[-4.7883,48.423],[-4.7854,48.4314],[-4.7857,48.4359],[-4.7806,48.4388],[-4.7766,48.4453],[-4.7794,48.4511],[-4.7755,48.4519],[-4.7705,48.4576],[-4.7709,48.461],[-4.7666,48.4634],[-4.7645,48.4672],[-4.7601,48.4683],[-4.7568,48.4672],[-4.7502,48.4713],[-4.7435,48.4722],[-4.7371,48.4706],[-4.7351,48.4736],[-4.7472,48.4723],[-4.7536,48.4733],[-4.7571,48.4702],[-4.7636,48.473],[-4.768,48.4762],[-4.7667,48.4803],[-4.7714,48.4841],[-4.7714,48.4869],[-4.7746,48.488],[-4.7773,48.4963],[-4.7795,48.4993],[-4.776,48.5003],[-4.7772,48.505],[-4.7688,48.5082],[-4.7667,48.5112],[-4.77,48.5129],[-4.7637,48.52],[-4.758,48.5213],[-4.76,48.526],[-4.7632,48.5294],[-4.7578,48.5316],[-4.7505,48.5311],[-4.7492,48.5377],[-4.7505,48.5434],[-4.7439,48.5471],[-4.7394,48.5477],[-4.7355,48.5499],[-4.7307,48.5562],[-4.719,48.5588],[-4.7177,48.5559],[-4.7082,48.5554],[-4.7032,48.5603],[-4.701,48.5658],[-4.704,48.5703],[-4.6952,48.5697],[-4.6876,48.5724],[-4.6848,48.568],[-4.6797,48.5672],[-4.6736,48.5694],[-4.6706,48.5722],[-4.6593,48.5711],[-4.6488,48.5716],[-4.6372,48.5746],[-4.6336,48.5772],[-4.6255,48.5786],[-4.6263,48.5758],[-4.6208,48.5747],[-4.6156,48.5759],[-4.6126,48.5729],[-4.6044,48.573],[-4.5968,48.5717],[-4.595,48.5629],[-4.5908,48.5598],[-4.5927,48.5553],[-4.5847,48.5564],[-4.585,48.5595],[-4.5751,48.5603],[-4.5591,48.559],[-4.5454,48.5553],[-4.5317,48.553],[-4.5389,48.5601],[-4.5448,48.5599],[-4.5475,48.558],[-4.5572,48.5618],[-4.5693,48.561],[-4.5803,48.5624],[-4.5871,48.5626],[-4.5878,48.5663],[-4.5939,48.5745],[-4.5985,48.5741],[-4.6059,48.5758],[-4.6092,48.5752],[-4.6118,48.578],[-4.6071,48.5794],[-4.6039,48.5826],[-4.603,48.586],[-4.6078,48.5969],[-4.6043,48.6032],[-4.5981,48.6084],[-4.5943,48.6043],[-4.5872,48.6004],[-4.5935,48.5968],[-4.5956,48.5933],[-4.586,48.5954],[-4.5816,48.5944],[-4.5726,48.5958],[-4.5631,48.5985],[-4.5586,48.5971],[-4.5588,48.595],[-4.5514,48.5961],[-4.5488,48.5974],[-4.5365,48.5978],[-4.5404,48.6011],[-4.5494,48.6021],[-4.5506,48.6044],[-4.5589,48.6056],[-4.5552,48.6085],[-4.5593,48.61],[-4.5632,48.6082],[-4.5691,48.6104],[-4.5638,48.6154],[-4.566,48.6187],[-4.5625,48.622],[-4.5544,48.624],[-4.5487,48.6264],[-4.5427,48.6243],[-4.545,48.6309],[-4.5439,48.6361],[-4.5384,48.6311],[-4.5311,48.6294],[-4.5265,48.6297],[-4.5212,48.6351],[-4.5111,48.6329],[-4.5132,48.6273],[-4.5095,48.6226],[-4.5003,48.621],[-4.4923,48.6248],[-4.4796,48.6237],[-4.4684,48.6268],[-4.4653,48.6264],[-4.4588,48.6297],[-4.4531,48.6357],[-4.4395,48.6409],[-4.4404,48.638],[-4.4348,48.6354],[-4.4311,48.6362],[-4.4257,48.6404],[-4.4207,48.6377],[-4.4117,48.6385],[-4.4052,48.637],[-4.4006,48.6384],[-4.4049,48.6418],[-4.407,48.6411],[-4.4164,48.6416],[-4.4206,48.645],[-4.4252,48.6469],[-4.433,48.6475],[-4.4352,48.6555],[-4.4305,48.653],[-4.4228,48.653],[-4.4176,48.655],[-4.4092,48.6543],[-4.3966,48.6562],[-4.3914,48.6581],[-4.3884,48.6613],[-4.3831,48.6615],[-4.3796,48.6594],[-4.3763,48.6664],[-4.3728,48.6686],[-4.3677,48.6686],[-4.3549,48.6738],[-4.3538,48.6753],[-4.3463,48.6774],[-4.3383,48.6769],[-4.3303,48.6752],[-4.3274,48.6732],[-4.33,48.6691],[-4.3257,48.6662],[-4.3215,48.6662],[-4.3204,48.6694],[-4.3148,48.6712],[-4.3118,48.6683],[-4.3058,48.6662],[-4.2963,48.6646],[-4.2942,48.6615],[-4.3006,48.6582],[-4.2989,48.6539],[-4.3052,48.651],[-4.3087,48.6477],[-4.317,48.6475],[-4.3164,48.6455],[-4.3097,48.6443],[-4.3142,48.6409],[-4.3161,48.6377],[-4.3116,48.6352],[-4.3049,48.6334],[-4.2962,48.6329],[-4.2931,48.6368],[-4.2997,48.6389],[-4.3017,48.6411],[-4.2863,48.6413],[-4.2779,48.6442],[-4.2776,48.6481],[-4.2712,48.6493],[-4.2603,48.6501],[-4.2498,48.6495],[-4.2394,48.6503],[-4.2248,48.6496],[-4.2226,48.6486],[-4.2132,48.6494],[-4.1989,48.6526],[-4.1995,48.657],[-4.2055,48.6567],[-4.2126,48.6579],[-4.2148,48.6564],[-4.2204,48.6564],[-4.2221,48.6589],[-4.2178,48.6608],[-4.2141,48.6643],[-4.2135,48.6686],[-4.2064,48.6714],[-4.2013,48.6764],[-4.1995,48.6761],[-4.19,48.6828],[-4.1881,48.6854],[-4.184,48.6874],[-4.1806,48.6841],[-4.1763,48.687],[-4.1731,48.6857],[-4.1618,48.6898],[-4.1496,48.6925],[-4.14,48.6925],[-4.1353,48.6937],[-4.1303,48.6964],[-4.1272,48.6938],[-4.1176,48.6934],[-4.1117,48.6954],[-4.0958,48.6937],[-4.0959,48.6904],[-4.0895,48.6924],[-4.0861,48.6906],[-4.081,48.6929],[-4.0747,48.6863],[-4.0707,48.6854],[-4.0687,48.6796],[-4.0627,48.6781],[-4.0635,48.6827],[-4.0665,48.6861],[-4.0571,48.6877],[-4.0575,48.6911],[-4.056,48.6962],[-4.0567,48.7],[-4.0529,48.705],[-4.0492,48.7053],[-4.0426,48.7027],[-4.0381,48.7053],[-4.0352,48.7132],[-4.0274,48.7109],[-4.0194,48.7115],[-4.014,48.7134],[-4.0113,48.7163],[-4.0132,48.7183],[-4.0095,48.7209],[-4.0048,48.7182],[-4.0045,48.7147],[-4.0008,48.7116],[-3.9929,48.7152],[-3.9909,48.7185],[-3.9918,48.7239],[-3.9888,48.7271],[-3.9835,48.7262],[-3.9785,48.7225],[-3.97,48.7256],[-3.9669,48.7225],[-3.9657,48.7187],[-3.9723,48.7136],[-3.9717,48.7109],[-3.9741,48.7083],[-3.9714,48.7059],[-3.9762,48.6996],[-3.9728,48.6957],[-3.9668,48.6928],[-3.9704,48.6865],[-3.9706,48.6827],[-3.9686,48.6805],[-3.9693,48.6735],[-3.9627,48.6745],[-3.9517,48.6729],[-3.9553,48.6696],[-3.9521,48.6635],[-3.9521,48.6571],[-3.9567,48.6516],[-3.9561,48.6465],[-3.9508,48.6448],[-3.9516,48.6502],[-3.9484,48.6527],[-3.9425,48.6551],[-3.9419,48.6579],[-3.9363,48.6573],[-3.9301,48.6579],[-3.9279,48.6609],[-3.9268,48.6661],[-3.9228,48.671],[-3.9234,48.6742],[-3.9162,48.673],[-3.9134,48.6738],[-3.911,48.6698],[-3.9075,48.6694],[-3.8958,48.6715],[-3.8908,48.6711],[-3.8912,48.6668],[-3.9027,48.6649],[-3.9055,48.6633],[-3.906,48.6596],[-3.9022,48.6549],[-3.8977,48.6464],[-3.8931,48.6432],[-3.8851,48.6404],[-3.8763,48.6387],[-3.8732,48.6367],[-3.8669,48.6356],[-3.8595,48.632],[-3.8571,48.6262],[-3.857,48.6193],[-3.852,48.6209],[-3.8507,48.6237],[-3.8436,48.6283],[-3.8474,48.6305],[-3.8528,48.6455],[-3.8563,48.6479],[-3.8557,48.6505],[-3.8579,48.6573],[-3.8566,48.6611],[-3.8586,48.6645],[-3.8645,48.6702],[-3.8618,48.6732],[-3.855,48.6715],[-3.8536,48.6697],[-3.8552,48.6663],[-3.8534,48.6618],[-3.8486,48.6601],[-3.8459,48.6612],[-3.8479,48.6698],[-3.8459,48.672],[-3.8501,48.6776],[-3.8495,48.6833],[-3.8544,48.6858],[-3.8532,48.6893],[-3.8495,48.6926],[-3.8506,48.6945],[-3.8397,48.6977],[-3.8418,48.7064],[-3.836,48.7065],[-3.8357,48.7098],[-3.8309,48.7118],[-3.8264,48.7072],[-3.8283,48.7045],[-3.8208,48.7011],[-3.8195,48.7092],[-3.8169,48.7119],[-3.8201,48.7136],[-3.8176,48.7183],[-3.8135,48.7136],[-3.8038,48.7114],[-3.7987,48.7128],[-3.7977,48.708],[-3.7908,48.703],[-3.7847,48.7012],[-3.7759,48.703],[-3.7745,48.7056],[-3.7659,48.7094],[-3.7521,48.7087],[-3.75,48.7072],[-3.745,48.709],[-3.7425,48.7068],[-3.734,48.7089],[-3.7295,48.7057],[-3.7225,48.7062],[-3.7159,48.7038],[-3.7188,48.701],[-3.7068,48.6955],[-3.7028,48.6905],[-3.6982,48.6898],[-3.6888,48.6918],[-3.6853,48.6879],[-3.6807,48.6866],[-3.6759,48.6873],[-3.6689,48.6909],[-3.6617,48.6933],[-3.6559,48.6968],[-3.6512,48.6935],[-3.6433,48.695],[-3.6445,48.6917],[-3.6522,48.6877],[-3.6546,48.6818],[-3.6442,48.6762],[-3.6396,48.6758],[-3.6363,48.6822],[-3.6293,48.6824],[-3.6269,48.6853],[-3.6182,48.6849],[-3.6166,48.6839],[-3.6136,48.6729],[-3.6102,48.6698],[-3.5952,48.669],[-3.5899,48.6714],[-3.5827,48.6703],[-3.5796,48.6711],[-3.5731,48.6751],[-3.5676,48.6826],[-3.5681,48.6861],[-3.5736,48.6871],[-3.5845,48.6912],[-3.5817,48.6927],[-3.5802,48.6963],[-3.5806,48.7031],[-3.5835,48.7068],[-3.581,48.7129],[-3.5846,48.7177],[-3.581,48.7213],[-3.5657,48.7266],[-3.5626,48.7311],[-3.5529,48.7272],[-3.543,48.7283],[-3.538,48.7299],[-3.5394,48.7348],[-3.5478,48.733],[-3.5513,48.7347],[-3.5495,48.7373],[-3.5514,48.74],[-3.5492,48.7431],[-3.5504,48.7487],[-3.5603,48.7554],[-3.5613,48.7585],[-3.5658,48.7606],[-3.5686,48.759],[-3.5738,48.7598],[-3.5806,48.7585],[-3.578,48.7633],[-3.5801,48.7668],[-3.5854,48.7693],[-3.5831,48.7749],[-3.585,48.7796],[-3.5808,48.7791],[-3.5783,48.7824],[-3.5799,48.7873],[-3.5709,48.7897],[-3.5679,48.7965],[-3.5544,48.7939],[-3.545,48.7962],[-3.5399,48.8014],[-3.535,48.8018],[-3.5337,48.806],[-3.5406,48.8098],[-3.5472,48.8098],[-3.5481,48.8142],[-3.542,48.8149],[-3.5397,48.8165],[-3.5398,48.8246],[-3.5332,48.8242],[-3.5279,48.8211],[-3.5233,48.8264],[-3.5259,48.8302],[-3.5198,48.8301],[-3.5129,48.8351],[-3.5083,48.8356],[-3.5034,48.8386],[-3.4982,48.838],[-3.5077,48.8322],[-3.5105,48.8281],[-3.5057,48.825],[-3.5021,48.8294],[-3.4909,48.8281],[-3.4875,48.8299],[-3.4881,48.8355],[-3.476,48.8375],[-3.4731,48.8287],[-3.4683,48.8235],[-3.4596,48.8197],[-3.4606,48.817],[-3.4557,48.8156],[-3.4509,48.816],[-3.441,48.8204],[-3.4336,48.8187],[-3.4272,48.8201],[-3.4274,48.8167],[-3.434,48.814],[-3.4375,48.8112],[-3.436,48.8071],[-3.4401,48.8065],[-3.4431,48.8034],[-3.4405,48.7986],[-3.434,48.8003],[-3.4276,48.7984],[-3.4161,48.7989],[-3.3981,48.8006],[-3.3887,48.8037],[-3.3889,48.8079],[-3.3867,48.811],[-3.3898,48.813],[-3.3805,48.8166],[-3.3757,48.8162],[-3.371,48.818],[-3.3659,48.8186],[-3.3646,48.822],[-3.3573,48.8196],[-3.3512,48.8213],[-3.3498,48.825],[-3.3449,48.8261],[-3.3402,48.8286],[-3.3351,48.8283],[-3.3304,48.8326],[-3.3225,48.8377],[-3.3156,48.8363],[-3.3084,48.8374],[-3.2914,48.8313],[-3.2906,48.8349],[-3.2875,48.8357],[-3.2829,48.8403],[-3.2768,48.8391],[-3.2709,48.8366],[-3.2697,48.834],[-3.2622,48.8352],[-3.2615,48.8376],[-3.2539,48.8426],[-3.2571,48.8476],[-3.2486,48.851],[-3.2474,48.8553],[-3.2441,48.8585],[-3.2351,48.8618],[-3.2337,48.8642],[-3.2381,48.8666],[-3.2264,48.8679],[-3.2199,48.8667],[-3.2165,48.8627],[-3.2145,48.8576],[-3.2112,48.8548],[-3.2117,48.8497],[-3.2097,48.8484],[-3.2138,48.8423],[-3.2132,48.8399],[-3.218,48.837],[-3.2166,48.8353],[-3.2094,48.8367],[-3.2037,48.8351],[-3.2034,48.8245],[-3.2066,48.8195],[-3.2064,48.8156],[-3.2132,48.807],[-3.2181,48.8024],[-3.2271,48.7984],[-3.2265,48.7939],[-3.23,48.7939],[-3.2318,48.7909],[-3.2373,48.7918],[-3.2407,48.7873],[-3.2491,48.7905],[-3.2523,48.788],[-3.2483,48.7854],[-3.2424,48.7849],[-3.2386,48.7887],[-3.2358,48.7885],[-3.2289,48.7918],[-3.2231,48.7875],[-3.2218,48.7843],[-3.2222,48.7794],[-3.224,48.7733],[-3.2301,48.7667],[-3.2246,48.7682],[-3.2205,48.7719],[-3.2218,48.7752],[-3.2173,48.7829],[-3.2197,48.7838],[-3.2197,48.7879],[-3.2236,48.7907],[-3.2236,48.7964],[-3.218,48.8],[-3.2084,48.8083],[-3.2018,48.8127],[-3.1987,48.8159],[-3.1998,48.8208],[-3.1987,48.8257],[-3.1959,48.8277],[-3.1942,48.8315],[-3.1908,48.834],[-3.1913,48.8361],[-3.1846,48.8402],[-3.1823,48.8436],[-3.1746,48.8429],[-3.1708,48.8465],[-3.1705,48.8496],[-3.1651,48.8537],[-3.1584,48.8517],[-3.1451,48.8546],[-3.1421,48.8577],[-3.1371,48.8577],[-3.1319,48.8597],[-3.1329,48.8617],[-3.1299,48.8644],[-3.1226,48.8641],[-3.1116,48.8671],[-3.109,48.8655],[-3.1018,48.8671],[-3.0994,48.866],[-3.0851,48.8671],[-3.0805,48.8635],[-3.094,48.859],[-3.0882,48.8574],[-3.0883,48.8528],[-3.0836,48.8478],[-3.0846,48.8453],[-3.09,48.8411],[-3.0905,48.8381],[-3.0974,48.832],[-3.0915,48.8326],[-3.0783,48.8296],[-3.0847,48.8261],[-3.084,48.8223],[-3.0879,48.8166],[-3.0885,48.8115],[-3.0984,48.805],[-3.0997,48.8],[-3.0973,48.7944],[-3.1004,48.7917],[-3.1009,48.7887],[-3.099,48.7835],[-3.106,48.7833],[-3.1102,48.7784],[-3.1143,48.7773],[-3.1215,48.7724],[-3.1221,48.7644],[-3.1249,48.7622],[-3.1234,48.7593],[-3.1276,48.7546],[-3.132,48.752],[-3.1454,48.749],[-3.1479,48.7472],[-3.1477,48.7423],[-3.1502,48.7339],[-3.1393,48.7335],[-3.1297,48.7272],[-3.1323,48.7329],[-3.1369,48.7347],[-3.1486,48.7362],[-3.1441,48.7393],[-3.1447,48.7437],[-3.1402,48.7484],[-3.129,48.7506],[-3.1198,48.7563],[-3.1199,48.7599],[-3.1165,48.7642],[-3.1111,48.766],[-3.1058,48.7661],[-3.0984,48.7695],[-3.1014,48.7729],[-3.1015,48.7774],[-3.0949,48.781],[-3.0926,48.7874],[-3.0942,48.7951],[-3.0903,48.7981],[-3.087,48.8029],[-3.088,48.8062],[-3.083,48.8133],[-3.0757,48.8168],[-3.0735,48.82],[-3.0657,48.8221],[-3.0572,48.8188],[-3.0533,48.8153],[-3.0401,48.8191],[-3.0174,48.8214],[-3.0126,48.8212],[-3.0082,48.8183],[-3.0117,48.8167],[-3.0171,48.8117],[-3.015,48.8083],[-3.0085,48.8041],[-3.0054,48.8048],[-3.0052,48.799],[-3.0111,48.8001],[-3.0208,48.7977],[-3.0255,48.7911],[-3.0322,48.7914],[-3.0394,48.7901],[-3.0433,48.783],[-3.0349,48.7829],[-3.0291,48.7838],[-3.0258,48.7818],[-3.0204,48.7829],[-3.0129,48.7811],[-3.017,48.7787],[-3.0226,48.7798],[-3.0281,48.7789],[-3.0292,48.7764],[-3.0169,48.7682],[-3.016,48.7662],[-3.0091,48.7665],[-2.9971,48.7651],[-2.9897,48.7624],[-2.9864,48.7632],[-2.9803,48.7617],[-2.9651,48.7624],[-2.957,48.7645],[-2.9556,48.7686],[-2.9521,48.7717],[-2.9496,48.7688],[-2.9527,48.7667],[-2.9507,48.7634],[-2.9449,48.7596],[-2.9435,48.7575],[-2.9325,48.7554],[-2.932,48.7531],[-2.9381,48.749],[-2.9423,48.7443],[-2.9413,48.7399],[-2.9367,48.7397],[-2.9342,48.7371],[-2.9393,48.7308],[-2.9486,48.7261],[-2.945,48.7205],[-2.9348,48.7185],[-2.9274,48.7126],[-2.9268,48.7088],[-2.9189,48.7049],[-2.9108,48.7034],[-2.9081,48.7012],[-2.901,48.6988],[-2.8953,48.7009],[-2.8899,48.6975],[-2.8895,48.6938],[-2.8836,48.69],[-2.8872,48.6851],[-2.8823,48.6788],[-2.8842,48.6773],[-2.8804,48.6743],[-2.8705,48.6746],[-2.8668,48.6715],[-2.8623,48.6728],[-2.8602,48.6754],[-2.855,48.6723],[-2.8523,48.6668],[-2.8477,48.6672],[-2.8424,48.6641],[-2.8412,48.6599],[-2.8356,48.6551],[-2.8274,48.654],[-2.8273,48.6468],[-2.8227,48.6414],[-2.827,48.6369],[-2.8204,48.6316],[-2.8199,48.6288],[-2.8232,48.6242],[-2.8158,48.6168],[-2.8155,48.6099],[-2.8194,48.6075],[-2.8197,48.6016],[-2.8258,48.6011],[-2.8213,48.5944],[-2.8149,48.5927],[-2.8113,48.5929],[-2.8013,48.5897],[-2.8003,48.5881],[-2.7925,48.5847],[-2.7852,48.5856],[-2.7791,48.5849],[-2.7786,48.5821],[-2.774,48.5769],[-2.775,48.5718],[-2.7635,48.5664],[-2.7511,48.5626],[-2.7399,48.5603],[-2.7337,48.5607],[-2.7259,48.5567],[-2.719,48.5553],[-2.7139,48.5556],[-2.7129,48.5531],[-2.7184,48.5512],[-2.7249,48.5472],[-2.7225,48.5433],[-2.7178,48.5398],[-2.7191,48.5355],[-2.7246,48.5316],[-2.7232,48.5301],[-2.7103,48.533],[-2.7104,48.5313],[-2.717,48.5282],[-2.7169,48.5247],[-2.7137,48.523],[-2.7048,48.5161],[-2.6973,48.5043],[-2.6938,48.5024],[-2.6866,48.4938],[-2.6822,48.4919],[-2.6847,48.4983],[-2.6792,48.5031],[-2.6761,48.5082],[-2.6753,48.5135],[-2.6796,48.528],[-2.6823,48.5317],[-2.6698,48.536],[-2.6633,48.5312],[-2.6597,48.5305],[-2.6588,48.5272],[-2.6544,48.5253],[-2.6398,48.5235],[-2.6316,48.5259],[-2.6337,48.5308],[-2.6318,48.5331],[-2.6325,48.5375],[-2.6278,48.5414],[-2.6189,48.5451],[-2.6167,48.5451],[-2.6103,48.5501],[-2.6059,48.5508],[-2.6005,48.5549],[-2.5996,48.5578],[-2.5887,48.5635],[-2.5871,48.567],[-2.5754,48.5751],[-2.5714,48.5789],[-2.5703,48.5819],[-2.5661,48.5827],[-2.5583,48.5872],[-2.5518,48.5927],[-2.5511,48.5963],[-2.5535,48.5994],[-2.5395,48.5968],[-2.5314,48.5974],[-2.515,48.6018],[-2.5009,48.6065],[-2.4933,48.6098],[-2.4903,48.6143],[-2.4828,48.6162],[-2.4737,48.6221],[-2.4727,48.6283],[-2.4673,48.6315],[-2.4678,48.6357],[-2.4807,48.637],[-2.4833,48.6405],[-2.4886,48.6444],[-2.4853,48.6456],[-2.4771,48.6442],[-2.473,48.6455],[-2.4677,48.65],[-2.4628,48.6477],[-2.459,48.6486],[-2.4531,48.6477],[-2.4385,48.6527],[-2.4318,48.6495],[-2.4215,48.6477],[-2.4201,48.6425],[-2.4214,48.6396],[-2.4155,48.6364],[-2.416,48.6327],[-2.4088,48.6359],[-2.4115,48.6392],[-2.4083,48.6411],[-2.4001,48.6416],[-2.394,48.6437],[-2.3939,48.6465],[-2.3876,48.652],[-2.3839,48.6532],[-2.3779,48.6522],[-2.3725,48.6562],[-2.3679,48.6566],[-2.3644,48.6546],[-2.3606,48.6554],[-2.3567,48.6586],[-2.3509,48.6612],[-2.3488,48.6644],[-2.3442,48.6646],[-2.3425,48.6677],[-2.3318,48.6704],[-2.3273,48.6737],[-2.3284,48.6764],[-2.3259,48.6795],[-2.3167,48.6877],[-2.3132,48.6812],[-2.3143,48.6761],[-2.3127,48.6718],[-2.3057,48.6686],[-2.289,48.6673],[-2.2856,48.665],[-2.2944,48.6599],[-2.2976,48.6551],[-2.2981,48.6511],[-2.3005,48.6506],[-2.3082,48.6454],[-2.3103,48.6421],[-2.308,48.6405],[-2.3132,48.6334],[-2.3252,48.6277],[-2.3342,48.6227],[-2.3314,48.6198],[-2.3209,48.6176],[-2.3202,48.6141],[-2.3168,48.6104],[-2.3122,48.6106],[-2.3103,48.6142],[-2.305,48.6195],[-2.3004,48.6223],[-2.2993,48.6253],[-2.2937,48.6244],[-2.2882,48.6268],[-2.2872,48.6316],[-2.2744,48.6365],[-2.2719,48.6385],[-2.2597,48.6455],[-2.2555,48.6439],[-2.2474,48.646],[-2.2427,48.6419],[-2.2529,48.6383],[-2.2559,48.6364],[-2.2541,48.6316],[-2.2511,48.6284],[-2.2424,48.6235],[-2.2459,48.6172],[-2.2443,48.6142],[-2.2318,48.6101],[-2.2283,48.6107],[-2.228,48.6065],[-2.2226,48.6023],[-2.2237,48.5955],[-2.2222,48.5939],[-2.2143,48.5933],[-2.2102,48.5873],[-2.2106,48.5826],[-2.2124,48.5816],[-2.2108,48.5764],[-2.217,48.5717],[-2.2078,48.5736],[-2.2051,48.5769],[-2.206,48.5797],[-2.2017,48.5809],[-2.2019,48.5841],[-2.1978,48.5859],[-2.1913,48.5939],[-2.195,48.5987],[-2.1917,48.6036],[-2.1924,48.6079],[-2.1844,48.6058],[-2.1822,48.6005],[-2.185,48.5961],[-2.1835,48.5933],[-2.1878,48.5884],[-2.1877,48.5841],[-2.1826,48.5771],[-2.1757,48.5764],[-2.1713,48.5794],[-2.1662,48.579],[-2.166,48.5816],[-2.1588,48.5874],[-2.1626,48.5918],[-2.1702,48.5943],[-2.1679,48.5974],[-2.1667,48.6042],[-2.162,48.6069],[-2.1526,48.6098],[-2.1533,48.6155],[-2.1503,48.6179],[-2.1452,48.6195],[-2.1422,48.615],[-2.1424,48.6109],[-2.1358,48.6093],[-2.1326,48.6058],[-2.1262,48.6041],[-2.1329,48.6106],[-2.1388,48.6117],[-2.1392,48.6158],[-2.1366,48.6167],[-2.1387,48.623],[-2.1515,48.6297],[-2.1494,48.632],[-2.1401,48.6323],[-2.1304,48.6375],[-2.1266,48.635],[-2.12,48.6367],[-2.1162,48.6388],[-2.116,48.6422],[-2.1126,48.6431],[-2.1122,48.6384],[-2.1063,48.638],[-2.103,48.6391],[-2.0987,48.6382],[-2.0956,48.6338],[-2.0847,48.6349],[-2.0805,48.6368],[-2.078,48.6405],[-2.0706,48.6384],[-2.0642,48.6389],[-2.0625,48.6406],[-2.0567,48.6401],[-2.0545,48.6356],[-2.0496,48.6388],[-2.0471,48.6375],[-2.0552,48.6268],[-2.0478,48.6242],[-2.0447,48.6255],[-2.0331,48.6272],[-2.0297,48.6232],[-2.0315,48.6195],[-2.0283,48.6166],[-2.0349,48.6117],[-2.0307,48.6081],[-2.0319,48.6062],[-2.0256,48.6009],[-2.0236,48.5974],[-2.02,48.5977],[-2.0165,48.5939],[-2.0168,48.5909],[-2.0134,48.5872],[-2.0096,48.5885],[-2.005,48.5882],[-2.0024,48.5864],[-2.0027,48.5825],[-1.9974,48.5843],[-1.9956,48.5823],[-1.9965,48.5769],[-2.0034,48.5769],[-2.0107,48.5712],[-2.0068,48.5672],[-2.0008,48.5677],[-2.0005,48.5643],[-1.9967,48.5599],[-1.9927,48.5594],[-1.9909,48.5513],[-1.9866,48.5505],[-1.9887,48.5465],[-1.9842,48.5445],[-1.9736,48.5449],[-1.9744,48.5409],[-1.9722,48.5348],[-1.98,48.5283],[-1.9842,48.5265],[-1.9844,48.5203],[-1.9859,48.5168],[-1.9791,48.5157],[-1.9847,48.5127],[-1.9856,48.5108],[-1.9829,48.5045],[-1.9826,48.4997],[-1.9949,48.4977],[-1.9936,48.4965],[-1.985,48.497],[-1.9801,48.5],[-1.9811,48.5099],[-1.9782,48.5117],[-1.9688,48.5143],[-1.9685,48.5193],[-1.9705,48.5215],[-1.9645,48.5267],[-1.9572,48.5248],[-1.9547,48.5224],[-1.9497,48.5281],[-1.9505,48.5344],[-1.9479,48.5376],[-1.9496,48.539],[-1.9596,48.5365],[-1.9694,48.5364],[-1.9663,48.5409],[-1.9645,48.5457],[-1.9605,48.5493],[-1.9628,48.556],[-1.9709,48.5575],[-1.9777,48.5566],[-1.973,48.5616],[-1.9724,48.5643],[-1.974,48.5685],[-1.9814,48.5727],[-1.9861,48.5837],[-1.9826,48.5865],[-1.9726,48.5827],[-1.9631,48.5764],[-1.9546,48.5759],[-1.9553,48.5797],[-1.9613,48.5813],[-1.9659,48.5855],[-1.9604,48.5891],[-1.9614,48.5925],[-1.9678,48.5922],[-1.9733,48.5891],[-1.9785,48.5933],[-1.9855,48.5944],[-1.9904,48.5929],[-1.9929,48.594],[-1.9978,48.5901],[-2.0015,48.5943],[-2.0015,48.6001],[-2.0123,48.5982],[-2.0123,48.604],[-2.0089,48.6083],[-2.0049,48.6095],[-2.0022,48.6144],[-2.0076,48.6132],[-2.0151,48.6141],[-2.0189,48.6188],[-2.0133,48.6234],[-2.0135,48.6274],[-2.0196,48.6299],[-2.0211,48.6344],[-2.0264,48.635],[-2.0311,48.6342],[-2.0313,48.6377],[-2.0283,48.6389],[-2.023,48.6366],[-2.0191,48.64],[-2.0226,48.641],[-2.0251,48.6448],[-2.0292,48.6471],[-2.0288,48.6502],[-2.0225,48.6521],[-2.0148,48.6525],[-2.0084,48.6547],[-1.9946,48.6608],[-1.9888,48.6648],[-1.9831,48.6718],[-1.9823,48.6768],[-1.9864,48.6772],[-1.9864,48.6812],[-1.9806,48.6815],[-1.975,48.6831],[-1.9658,48.6873],[-1.9618,48.686],[-1.964,48.6835],[-1.9599,48.6805],[-1.9554,48.681],[-1.9523,48.6834],[-1.9491,48.6826],[-1.9453,48.6862],[-1.9469,48.6893],[-1.9532,48.6906],[-1.9543,48.6877],[-1.9588,48.6879],[-1.9582,48.6916],[-1.9434,48.6922],[-1.9381,48.6944],[-1.9369,48.7027],[-1.9319,48.6981],[-1.933,48.6943],[-1.9276,48.6925],[-1.9209,48.6929],[-1.916,48.6943],[-1.9127,48.6908],[-1.9051,48.6901],[-1.9007,48.691],[-1.8923,48.696],[-1.8906,48.699],[-1.8869,48.6993],[-1.8838,48.697],[-1.8773,48.6957],[-1.8692,48.699],[-1.8688,48.7012],[-1.8629,48.7],[-1.8541,48.7061],[-1.846,48.7092],[-1.8453,48.704],[-1.8496,48.7021],[-1.8496,48.6986],[-1.8462,48.6975],[-1.8478,48.6932],[-1.847,48.6902],[-1.8408,48.6875],[-1.8421,48.6852],[-1.8373,48.6794],[-1.8443,48.6776],[-1.8514,48.6707],[-1.855,48.6706],[-1.8626,48.6678],[-1.8648,48.6633],[-1.8629,48.659],[-1.8649,48.6549],[-1.8687,48.6526],[-1.8686,48.6488],[-1.8719,48.6475],[-1.8689,48.6397],[-1.867,48.6395],[-1.8627,48.6329],[-1.8613,48.6283],[-1.8539,48.6218],[-1.849,48.62],[-1.8474,48.6176],[-1.843,48.617],[-1.8398,48.6141],[-1.8104,48.6081],[-1.7857,48.6053],[-1.7759,48.6035],[-1.7657,48.6032],[-1.7515,48.6048],[-1.7055,48.6068],[-1.6787,48.6107],[-1.6704,48.6109],[-1.665,48.6099],[-1.5427,48.6311],[-1.5271,48.6292],[-1.5189,48.627],[-1.5159,48.6184],[-1.4953,48.6205],[-1.4904,48.6179],[-1.4843,48.6205],[-1.4795,48.6182],[-1.464,48.6223],[-1.4543,48.6258],[-1.4497,48.623],[-1.4455,48.6268],[-1.4359,48.6314],[-1.4257,48.6379],[-1.4292,48.6403],[-1.4256,48.6437],[-1.4215,48.6396],[-1.4148,48.6398],[-1.414,48.6417],[-1.404,48.6437],[-1.3981,48.6415],[-1.3952,48.6441],[-1.3892,48.6444],[-1.3847,48.6408],[-1.374,48.6425],[-1.3684,48.6409],[-1.365,48.635],[-1.3584,48.636],[-1.3638,48.6469],[-1.3725,48.6464],[-1.377,48.6502],[-1.3848,48.6517],[-1.3911,48.6503],[-1.3956,48.6519],[-1.3994,48.655],[-1.4009,48.6584],[-1.3992,48.6632],[-1.3948,48.6674],[-1.3897,48.6702],[-1.3811,48.6829],[-1.3878,48.6819],[-1.3911,48.6789],[-1.3987,48.6764],[-1.4006,48.6744],[-1.4127,48.6708],[-1.4193,48.67],[-1.4247,48.666],[-1.4323,48.6665],[-1.4361,48.663],[-1.4384,48.6559],[-1.4463,48.6544],[-1.4467,48.6641],[-1.4501,48.6704],[-1.4583,48.6738],[-1.4641,48.674],[-1.469,48.6791],[-1.4792,48.6843],[-1.4862,48.6866],[-1.4969,48.6837],[-1.5017,48.6863],[-1.5086,48.6958],[-1.5127,48.697],[-1.5148,48.7003],[-1.5154,48.7078],[-1.5169,48.7131],[-1.5205,48.7211],[-1.5249,48.7232],[-1.529,48.7299],[-1.5344,48.7314],[-1.5405,48.7316],[-1.5472,48.7331],[-1.5529,48.7328],[-1.5564,48.7352],[-1.5634,48.7378],[-1.567,48.742],[-1.5704,48.7437],[-1.5738,48.7519],[-1.5742,48.7558],[-1.572,48.7602],[-1.5698,48.7745],[-1.5694,48.7857],[-1.57,48.801],[-1.569,48.8057],[-1.5722,48.8074],[-1.5724,48.8131],[-1.5747,48.822],[-1.5785,48.8259],[-1.5825,48.8263],[-1.5858,48.8315],[-1.5889,48.8316],[-1.594,48.8347],[-1.5991,48.8355],[-1.6019,48.8325],[-1.6053,48.8354],[-1.6081,48.833],[-1.6144,48.834],[-1.6112,48.8366],[-1.6055,48.8373],[-1.6017,48.8396],[-1.5981,48.8394],[-1.5921,48.8453],[-1.5872,48.8462],[-1.5824,48.853],[-1.5754,48.8705],[-1.5725,48.8832],[-1.5689,48.9029],[-1.5677,48.9065],[-1.5651,48.9212],[-1.563,48.9252],[-1.5567,48.9224],[-1.5605,48.9208],[-1.5621,48.9126],[-1.5565,48.9055],[-1.5546,48.9008],[-1.5553,48.8937],[-1.5485,48.8934],[-1.5511,48.8985],[-1.5513,48.9031],[-1.5494,48.9045],[-1.551,48.9082],[-1.5484,48.9119],[-1.5487,48.9196],[-1.5472,48.922],[-1.548,48.9258],[-1.5436,48.9312],[-1.5436,48.9345],[-1.5482,48.94],[-1.5513,48.9409],[-1.5592,48.9387],[-1.5624,48.9415],[-1.5618,48.9516],[-1.5618,48.9813],[-1.5591,48.9845],[-1.5587,48.9928],[-1.5608,48.9983],[-1.5554,48.9999],[-1.5518,48.9993],[-1.5511,49.0036],[-1.5568,49.0109],[-1.5544,49.0156],[-1.5553,49.0227],[-1.5545,49.0269],[-1.5464,49.0301],[-1.54,49.0342],[-1.533,49.034],[-1.5249,49.0275],[-1.5197,49.0262],[-1.51,49.0218],[-1.5084,49.0262],[-1.514,49.0294],[-1.5247,49.0337],[-1.535,49.0387],[-1.5419,49.0408],[-1.5467,49.0374],[-1.5498,49.0381],[-1.5608,49.0362],[-1.5697,49.0317],[-1.5686,49.029],[-1.5714,49.0245],[-1.5759,49.0203],[-1.5787,49.015],[-1.5748,49.0086],[-1.5743,48.9984],[-1.5784,48.999],[-1.5846,49.004],[-1.5946,49.0236],[-1.5995,49.0411],[-1.6029,49.0545],[-1.5981,49.0587],[-1.5981,49.0634],[-1.5955,49.0668],[-1.6023,49.0689],[-1.5986,49.0753],[-1.6068,49.0784],[-1.6096,49.082],[-1.6107,49.0915],[-1.6103,49.099],[-1.6073,49.1077],[-1.6019,49.116],[-1.5987,49.1222],[-1.5953,49.1316],[-1.5919,49.1346],[-1.5957,49.1408],[-1.5962,49.1513],[-1.5992,49.1701],[-1.6006,49.1734],[-1.6019,49.182],[-1.6074,49.1963],[-1.6072,49.1986],[-1.6033,49.205],[-1.6089,49.2132],[-1.6134,49.2165],[-1.6137,49.2184],[-1.6073,49.2193],[-1.6041,49.2171],[-1.5995,49.2171],[-1.5789,49.2227],[-1.5752,49.2255],[-1.5853,49.2334],[-1.6006,49.2315],[-1.6087,49.2317],[-1.6132,49.2347],[-1.623,49.2268],[-1.6261,49.22],[-1.6248,49.2134],[-1.6282,49.2113],[-1.6406,49.2209],[-1.6457,49.2279],[-1.654,49.2412],[-1.656,49.2451],[-1.6593,49.256],[-1.6636,49.2637],[-1.6689,49.2702],[-1.6763,49.2772],[-1.6742,49.2798],[-1.6677,49.2798],[-1.6645,49.282],[-1.6598,49.2788],[-1.6566,49.2814],[-1.6667,49.287],[-1.6718,49.2845],[-1.6762,49.2877],[-1.683,49.2871],[-1.6867,49.2888],[-1.6894,49.2922],[-1.7009,49.3095],[-1.708,49.3185],[-1.7087,49.3264],[-1.7043,49.3243],[-1.6991,49.3238],[-1.6917,49.3279],[-1.6874,49.3277],[-1.687,49.3305],[-1.6955,49.3309],[-1.7017,49.3359],[-1.7013,49.3404],[-1.7136,49.346],[-1.7187,49.3461],[-1.7158,49.3414],[-1.7098,49.3361],[-1.7169,49.3326],[-1.7196,49.3253],[-1.7239,49.3273],[-1.7408,49.3441],[-1.7502,49.351],[-1.7579,49.3577],[-1.7757,49.3702],[-1.7868,49.3749],[-1.7851,49.376],[-1.7754,49.3748],[-1.765,49.3711],[-1.7642,49.3733],[-1.7706,49.3757],[-1.7723,49.38],[-1.7865,49.3771],[-1.7895,49.3742],[-1.7898,49.3698],[-1.796,49.3728],[-1.7995,49.3718],[-1.8084,49.3721],[-1.809,49.3746],[-1.8191,49.3896],[-1.8225,49.3982],[-1.8222,49.4204],[-1.8226,49.4366],[-1.8243,49.4479],[-1.8265,49.454],[-1.8311,49.4623],[-1.8386,49.4709],[-1.8444,49.4711],[-1.8469,49.4748],[-1.8445,49.4771],[-1.845,49.4937],[-1.8465,49.4997],[-1.8514,49.5096],[-1.8618,49.5125],[-1.8673,49.5123],[-1.8755,49.5151],[-1.8816,49.5191],[-1.8865,49.5272],[-1.8847,49.5298],[-1.8876,49.5358],[-1.8847,49.5413],[-1.8814,49.5434],[-1.873,49.5457],[-1.864,49.5506],[-1.8577,49.5515],[-1.8538,49.5615],[-1.8464,49.5641],[-1.8404,49.5761],[-1.8417,49.5774],[-1.8426,49.5959],[-1.8424,49.6001],[-1.8436,49.6099],[-1.8459,49.6204],[-1.85,49.6314],[-1.8549,49.642],[-1.8609,49.6504],[-1.8678,49.6545],[-1.8766,49.6588],[-1.8807,49.6582],[-1.8878,49.6594],[-1.8936,49.6642],[-1.8993,49.6663],[-1.9065,49.667],[-1.9093,49.6657],[-1.9163,49.6657],[-1.9272,49.6688],[-1.9293,49.6722],[-1.9387,49.6725],[-1.9408,49.675],[-1.9471,49.6751],[-1.9465,49.678],[-1.9418,49.6816],[-1.9416,49.6833],[-1.936,49.6882],[-1.9364,49.6936],[-1.9391,49.6967],[-1.9421,49.697],[-1.9468,49.7044],[-1.9468,49.7103],[-1.9435,49.7133],[-1.9479,49.7154],[-1.9444,49.7193],[-1.9418,49.7256],[-1.9381,49.7267],[-1.93,49.7259],[-1.926,49.727],[-1.9133,49.724],[-1.9122,49.7217],[-1.9066,49.722],[-1.903,49.7189],[-1.8951,49.7157],[-1.8966,49.7113],[-1.89,49.7093],[-1.8907,49.7075],[-1.8835,49.7059],[-1.8719,49.7081],[-1.8618,49.7151],[-1.8525,49.7156],[-1.8483,49.7124],[-1.8432,49.7127],[-1.8394,49.7113],[-1.8358,49.7072],[-1.8356,49.7038],[-1.8316,49.7031],[-1.8271,49.6928],[-1.8232,49.6902],[-1.8202,49.6908],[-1.8155,49.689],[-1.8095,49.6896],[-1.8052,49.6882],[-1.7983,49.6883],[-1.7953,49.6867],[-1.7896,49.6867],[-1.7744,49.6805],[-1.766,49.6802],[-1.7589,49.6782],[-1.7451,49.6785],[-1.7318,49.6774],[-1.7247,49.6781],[-1.7213,49.68],[-1.7119,49.6783],[-1.7118,49.6761],[-1.7079,49.6721],[-1.7015,49.67],[-1.6968,49.6698],[-1.6887,49.6724],[-1.6832,49.671],[-1.6827,49.6642],[-1.6725,49.6581],[-1.6552,49.6577],[-1.6528,49.6565],[-1.6469,49.6572],[-1.6441,49.6589],[-1.6333,49.6603],[-1.6297,49.6598],[-1.6325,49.6524],[-1.628,49.6526],[-1.6237,49.6447],[-1.6201,49.6444],[-1.6214,49.64],[-1.6192,49.6394],[-1.6116,49.6468],[-1.6026,49.6464],[-1.6046,49.6506],[-1.6057,49.6584],[-1.6,49.6606],[-1.5866,49.6509],[-1.5847,49.6525],[-1.5681,49.657],[-1.5563,49.6539],[-1.5452,49.6547],[-1.542,49.654],[-1.5298,49.6559],[-1.5264,49.6584],[-1.5234,49.6564],[-1.5163,49.6599],[-1.5074,49.6615],[-1.5037,49.6642],[-1.4967,49.6664],[-1.4933,49.6703],[-1.4882,49.6681],[-1.485,49.6779],[-1.4799,49.6792],[-1.4747,49.6821],[-1.4726,49.6864],[-1.4762,49.6888],[-1.4764,49.6932],[-1.4731,49.6969],[-1.4564,49.6915],[-1.4497,49.6922],[-1.4444,49.6944],[-1.436,49.6997],[-1.4261,49.7024],[-1.4196,49.703],[-1.4166,49.7013],[-1.3997,49.7034],[-1.3947,49.7057],[-1.3902,49.7063],[-1.3777,49.7061],[-1.3717,49.7068],[-1.3647,49.7055],[-1.3575,49.7052],[-1.3505,49.7021],[-1.3442,49.7008],[-1.3324,49.7022],[-1.3283,49.6998],[-1.3095,49.6963],[-1.3054,49.6948],[-1.2879,49.6926],[-1.2813,49.6944],[-1.273,49.6938],[-1.2666,49.6941],[-1.2659,49.6908],[-1.2685,49.6867],[-1.2723,49.6844],[-1.2713,49.6815],[-1.2675,49.6782],[-1.2633,49.6711],[-1.263,49.6684],[-1.2574,49.6681],[-1.2511,49.6611],[-1.2396,49.6544],[-1.2399,49.652],[-1.2436,49.6489],[-1.2351,49.6356],[-1.2348,49.6314],[-1.2281,49.623],[-1.2296,49.6194],[-1.2284,49.6159],[-1.2295,49.6118],[-1.2289,49.6058],[-1.2339,49.6077],[-1.2461,49.6107],[-1.2484,49.6123],[-1.2539,49.6122],[-1.2664,49.593],[-1.2663,49.5908],[-1.2615,49.5884],[-1.2622,49.5846],[-1.268,49.5824],[-1.2714,49.5848],[-1.2772,49.5866],[-1.284,49.5874],[-1.29,49.5861],[-1.2976,49.582],[-1.3045,49.5735],[-1.3074,49.5629],[-1.3078,49.5581],[-1.3099,49.5497],[-1.3082,49.5466],[-1.3066,49.5393],[-1.2994,49.532],[-1.2966,49.5277],[-1.2907,49.5217],[-1.2865,49.5164],[-1.2786,49.508],[-1.2703,49.5007],[-1.2578,49.486],[-1.2526,49.481],[-1.2384,49.4699],[-1.2193,49.4527],[-1.1882,49.4287],[-1.1782,49.4201],[-1.1675,49.4082],[-1.1672,49.4037],[-1.1652,49.4008],[-1.1628,49.3936],[-1.1626,49.3891],[-1.1666,49.3837],[-1.1738,49.3786],[-1.1792,49.3777],[-1.1767,49.3692],[-1.1779,49.3648],[-1.1834,49.3627],[-1.1825,49.3598],[-1.1859,49.3569],[-1.1815,49.3544],[-1.1823,49.3483],[-1.1844,49.3461],[-1.1942,49.3399],[-1.1987,49.3389],[-1.203,49.3357],[-1.2009,49.3336],[-1.1868,49.3407],[-1.1776,49.3493],[-1.1709,49.3572],[-1.1602,49.3576],[-1.1552,49.3623],[-1.1387,49.3584],[-1.1365,49.3545],[-1.1181,49.345],[-1.1151,49.34],[-1.1145,49.3502],[-1.1163,49.357],[-1.1191,49.36],[-1.107,49.3689],[-1.0969,49.3755],[-1.0883,49.3831],[-1.0783,49.3882],[-1.0704,49.3905],[-1.057,49.3907],[-1.0502,49.3894],[-1.0432,49.3891],[-1.028,49.3898],[-1.0257,49.3921],[-1.016,49.3936],[-1.0044,49.3963],[-0.9965,49.3947],[-0.9861,49.3961],[-0.9771,49.395],[-0.9677,49.3969],[-0.9477,49.3958],[-0.9331,49.394],[-0.9238,49.3923],[-0.9196,49.3904],[-0.9179,49.3873],[-0.9127,49.385],[-0.9019,49.3789],[-0.8958,49.3764],[-0.8774,49.37],[-0.8486,49.3619],[-0.8369,49.3592],[-0.8106,49.3555],[-0.8019,49.3553],[-0.798,49.3538],[-0.7894,49.3533],[-0.7608,49.3506],[-0.7579,49.3495],[-0.728,49.3477],[-0.724,49.3469],[-0.7078,49.348],[-0.7022,49.3468],[-0.6959,49.3476],[-0.6872,49.3465],[-0.6597,49.3456],[-0.6498,49.3467],[-0.64,49.3454],[-0.6338,49.3424],[-0.6239,49.3405],[-0.6015,49.3397],[-0.5853,49.3422],[-0.5715,49.3433],[-0.5558,49.3463],[-0.5416,49.3457],[-0.518,49.3453],[-0.5062,49.344],[-0.4853,49.3408],[-0.4689,49.3379],[-0.4583,49.3375],[-0.4563,49.3359],[-0.4415,49.3352],[-0.4136,49.3357],[-0.401,49.3336],[-0.3835,49.3299],[-0.3657,49.3247],[-0.3437,49.3162],[-0.3384,49.3127],[-0.3302,49.3103],[-0.3123,49.3018],[-0.3049,49.2992],[-0.2831,49.2936],[-0.2633,49.2911],[-0.2473,49.2909],[-0.2497,49.2812],[-0.2461,49.2794],[-0.2373,49.2775],[-0.2284,49.2776],[-0.2303,49.2745],[-0.2366,49.2747],[-0.2381,49.2714],[-0.2301,49.2698],[-0.2255,49.2679],[-0.222,49.2688],[-0.2234,49.2744],[-0.222,49.2781],[-0.2251,49.2803],[-0.2285,49.2861],[-0.2228,49.2853],[-0.2146,49.286],[-0.1996,49.2863],[-0.1922,49.2859],[-0.166,49.2866],[-0.1461,49.2885],[-0.1309,49.2912],[-0.1064,49.2964],[-0.1035,49.2939],[-0.0992,49.2926],[-0.0878,49.296],[-0.0845,49.3007],[-0.0795,49.3041],[-0.0738,49.3061],[-0.0558,49.3093],[-0.0271,49.3185],[-0.0229,49.3188],[-0.0093,49.3227],[0.0026,49.327],[0.0175,49.3342],[0.038,49.3454],[0.0452,49.3479],[0.0561,49.3548],[0.0666,49.3621],[0.0705,49.3676],[0.0756,49.3673],[0.0855,49.3742],[0.0922,49.3807],[0.0958,49.3828],[0.111,49.394],[0.1194,49.3971],[0.1244,49.4006],[0.1306,49.4034],[0.1396,49.4057],[0.1443,49.4061],[0.162,49.4106],[0.1741,49.4121],[0.2216,49.4273],[0.223,49.4283],[0.2482,49.4279],[0.2752,49.4286],[0.2961,49.4298],[0.3157,49.4315],[0.3372,49.434],[0.3388,49.4501],[0.3088,49.4512],[0.275,49.4534],[0.2724,49.4515],[0.2714,49.4473],[0.2632,49.4489],[0.2603,49.4464],[0.2539,49.4466],[0.2444,49.4498],[0.2273,49.4506],[0.2173,49.4529],[0.1924,49.4516],[0.1778,49.4537],[0.1785,49.4559],[0.1531,49.4594],[0.1518,49.459],[0.1205,49.4634],[0.1174,49.4678],[0.1036,49.4766],[0.111,49.4751],[0.1173,49.4716],[0.1227,49.47],[0.1519,49.4671],[0.1683,49.4714],[0.1744,49.4686],[0.1755,49.4714],[0.1702,49.4732],[0.1686,49.4761],[0.1577,49.4751],[0.149,49.4711],[0.1394,49.4719],[0.1341,49.4738],[0.1343,49.4769],[0.1136,49.4794],[0.1057,49.4811],[0.116,49.4838],[0.1126,49.4866],[0.1081,49.4846],[0.1021,49.484],[0.0985,49.4872],[0.0968,49.4916],[0.0927,49.4933],[0.0887,49.5],[0.0855,49.502],[0.0698,49.5064],[0.0664,49.5102],[0.066,49.5165],[0.0724,49.5329],[0.0877,49.5552],[0.0991,49.5703],[0.1046,49.5792],[0.1071,49.5848],[0.1227,49.6022],[0.1352,49.6181],[0.1535,49.6454],[0.1532,49.6493],[0.1506,49.654],[0.1536,49.6617],[0.1573,49.6624],[0.16,49.6673],[0.1595,49.671],[0.1612,49.6777],[0.1631,49.6798],[0.1635,49.6856],[0.1683,49.6904],[0.1754,49.6927],[0.1826,49.6991],[0.1851,49.6997],[0.1939,49.7067],[0.202,49.7085],[0.2062,49.7141],[0.2096,49.7139],[0.2219,49.7177],[0.2274,49.7176],[0.2368,49.719],[0.2489,49.7231],[0.2526,49.7238],[0.2617,49.7284],[0.2663,49.7291],[0.2767,49.7344],[0.2867,49.7384],[0.2914,49.7383],[0.3037,49.7417],[0.3082,49.7398],[0.3225,49.7418],[0.3473,49.7511],[0.3564,49.7559],[0.3645,49.7619],[0.3701,49.7618],[0.3668,49.7679],[0.3739,49.7686],[0.3856,49.7709],[0.3908,49.7731],[0.4136,49.7804],[0.4225,49.7849],[0.432,49.7872],[0.4526,49.7963],[0.4628,49.7998],[0.4689,49.8026],[0.4888,49.8094],[0.4977,49.8163],[0.5047,49.8191],[0.5136,49.8198],[0.5225,49.8242],[0.5324,49.8326],[0.5521,49.8416],[0.5725,49.8495],[0.5806,49.8519],[0.5893,49.8534],[0.5984,49.853],[0.6032,49.854],[0.6115,49.8577],[0.6166,49.858],[0.6274,49.8615],[0.6311,49.8604],[0.6412,49.8639],[0.6486,49.8641],[0.6669,49.8671],[0.673,49.867],[0.6911,49.871],[0.702,49.8718],[0.7101,49.8733],[0.713,49.8709],[0.7207,49.8695],[0.7443,49.8713],[0.7651,49.8714],[0.7902,49.8752],[0.8033,49.8785],[0.8146,49.8821],[0.8295,49.8884],[0.8333,49.8895],[0.8441,49.8894],[0.8572,49.8926],[0.8745,49.8945],[0.8887,49.8973],[0.9033,49.9014],[0.9227,49.9048],[0.9299,49.9067],[0.9416,49.9109],[0.9523,49.917],[0.963,49.9197],[0.9806,49.9186],[0.993,49.9172],[1.0043,49.9172],[1.0083,49.9164],[1.0218,49.9159],[1.0356,49.9188],[1.0675,49.9262],[1.0768,49.9299],[1.0833,49.934],[1.089,49.9337],[1.0894,49.9371],[1.0949,49.9344],[1.106,49.9364],[1.1214,49.943],[1.1428,49.9495],[1.147,49.9514],[1.1624,49.9562],[1.171,49.9608],[1.1853,49.9663],[1.1929,49.9673],[1.2027,49.9716],[1.2077,49.9762],[1.2096,49.9803],[1.2187,49.9848],[1.2276,49.9852],[1.2343,49.9892],[1.2435,49.9934],[1.2514,49.9978],[1.259,50.0036],[1.2741,50.0132],[1.2841,50.0187],[1.2976,50.0277],[1.3117,50.0333],[1.3233,50.0401],[1.3291,50.046],[1.3318,50.0466],[1.3457,50.053],[1.3616,50.0586],[1.3676,50.0635],[1.3747,50.0603],[1.3777,50.0639],[1.3873,50.0703],[1.3891,50.0731],[1.4003,50.079],[1.4116,50.0836],[1.42,50.0886],[1.4308,50.0926],[1.4352,50.0961],[1.4431,50.1001],[1.4536,50.1091],[1.4757,50.1548],[1.4808,50.1678],[1.4889,50.1796],[1.499,50.1911],[1.5087,50.1996],[1.5189,50.2058],[1.5284,50.2078],[1.5437,50.2135],[1.5522,50.2154],[1.5641,50.2168],[1.5594,50.2108],[1.5752,50.1967],[1.5835,50.1926],[1.596,50.1855],[1.6107,50.1908],[1.6158,50.1912],[1.6205,50.1896],[1.6271,50.1903],[1.6433,50.1856],[1.6455,50.1823],[1.6605,50.1797],[1.674,50.1744],[1.6768,50.176],[1.6838,50.183],[1.671,50.1946],[1.6744,50.1959],[1.6675,50.2027],[1.6714,50.2043],[1.6624,50.2144],[1.6546,50.2163],[1.6479,50.2158],[1.6325,50.2181],[1.6275,50.2138],[1.623,50.2144],[1.6134,50.2231],[1.6056,50.2346],[1.5938,50.245],[1.5918,50.2523],[1.5924,50.256],[1.5855,50.2549],[1.5753,50.2566],[1.561,50.2565],[1.5491,50.2605],[1.5474,50.264],[1.5475,50.2692],[1.5424,50.2714],[1.5394,50.2741],[1.5383,50.2797],[1.5386,50.2866],[1.5402,50.2955],[1.5437,50.3105],[1.5485,50.3332],[1.55,50.3431],[1.5511,50.3561],[1.5556,50.3633],[1.5609,50.3656],[1.5691,50.3628],[1.5638,50.3601],[1.5688,50.3585],[1.6135,50.3604],[1.6241,50.3663],[1.6264,50.3659],[1.6269,50.36],[1.6315,50.361],[1.6335,50.3642],[1.6298,50.3694],[1.6249,50.372],[1.6168,50.3721],[1.6122,50.37],[1.6041,50.3738],[1.6025,50.3763],[1.5981,50.3762],[1.5931,50.3785],[1.5836,50.3774],[1.5782,50.3792],[1.5787,50.386],[1.5738,50.3894],[1.5703,50.3937],[1.5666,50.3954],[1.5603,50.3945],[1.5563,50.397],[1.5556,50.4003],[1.557,50.4057],[1.5641,50.4193],[1.5664,50.4282],[1.5708,50.4491],[1.5728,50.4655],[1.5746,50.4701],[1.577,50.4966],[1.5774,50.5149],[1.5781,50.5205],[1.5814,50.5328],[1.5849,50.5382],[1.5879,50.5396],[1.595,50.5362],[1.5918,50.5338],[1.596,50.5285],[1.599,50.527],[1.603,50.5295],[1.6095,50.5269],[1.6386,50.509],[1.6417,50.5107],[1.6357,50.513],[1.6258,50.5207],[1.6268,50.5213],[1.6202,50.5336],[1.6153,50.5348],[1.6128,50.5388],[1.6083,50.5399],[1.6038,50.5382],[1.6053,50.546],[1.5935,50.5549],[1.5892,50.5569],[1.5807,50.5641],[1.5771,50.57],[1.5763,50.5751],[1.5786,50.5866],[1.5781,50.602],[1.5783,50.6116],[1.5777,50.6236],[1.5761,50.6394],[1.5732,50.6561],[1.5685,50.6742],[1.5632,50.6848],[1.563,50.6916],[1.5608,50.6994],[1.5693,50.7069],[1.572,50.7153],[1.5736,50.7166],[1.5639,50.7231],[1.5706,50.7248],[1.571,50.7198],[1.5797,50.7264],[1.5841,50.7312],[1.5901,50.7295],[1.5911,50.7263],[1.5964,50.7277],[1.5937,50.7312],[1.5944,50.7394],[1.5968,50.7522],[1.6003,50.7543],[1.6055,50.7642],[1.6065,50.7702],[1.6052,50.7815],[1.6029,50.786],[1.6067,50.7889],[1.6064,50.7952],[1.6019,50.8056],[1.6001,50.8062],[1.5968,50.8138],[1.5917,50.8224],[1.5891,50.8253],[1.5908,50.8276],[1.5864,50.8379],[1.5862,50.8406],[1.5813,50.8505],[1.5781,50.8529],[1.5786,50.8577],[1.5813,50.865],[1.5811,50.87],[1.5839,50.8719],[1.5925,50.8706],[1.5989,50.8718],[1.6046,50.8708],[1.6159,50.8734],[1.6317,50.8753],[1.642,50.8781],[1.6499,50.883],[1.6588,50.8874],[1.675,50.8986],[1.6819,50.9047],[1.6926,50.9156],[1.6984,50.9189],[1.7112,50.9283],[1.7261,50.9366],[1.7453,50.9441],[1.76,50.9484],[1.775,50.9533],[1.788,50.9566],[1.817,50.9605],[1.8334,50.9634],[1.8425,50.9674],[1.84,50.9708],[1.8411,50.9733],[1.8531,50.9711],[1.8709,50.9748],[1.8742,50.9737],[1.8815,50.9752],[1.8853,50.9726],[1.893,50.9736],[1.9037,50.9782],[1.9071,50.9816],[1.9163,50.9842],[1.9254,50.9846],[1.9284,50.9859],[1.9357,50.9866],[1.9373,50.985],[1.948,50.985],[1.9496,50.9839],[1.971,50.989],[1.975,50.9906],[1.9931,50.9937],[2.0001,50.9946],[2.02,50.9952],[2.0372,50.9982],[2.0427,50.9972],[2.046,50.9992],[2.0478,51.0036],[2.0599,51.006],[2.0704,51.007],[2.0804,51.0072],[2.0813,51.0044],[2.0866,51.0033],[2.0935,51.0033],[2.0973,51.0056],[2.1042,51.0071],[2.1091,51.0055],[2.1144,51.0086],[2.123,51.0113],[2.1256,51.0157],[2.1354,51.019],[2.1422,51.0225],[2.1433,51.0257],[2.1487,51.0286],[2.1491,51.0345],[2.1632,51.0377],[2.1633,51.0441],[2.1709,51.0443],[2.1833,51.0398],[2.192,51.0413],[2.195,51.0396],[2.201,51.0329],[2.21,51.032],[2.2232,51.0353],[2.2404,51.0389],[2.2645,51.0446],[2.33,51.056],[2.3423,51.0571],[2.3445,51.053],[2.3488,51.0521],[2.3604,51.0536],[2.3707,51.0451],[2.3716,51.0425],[2.3762,51.0424],[2.3693,51.048],[2.3719,51.0504],[2.3814,51.0487],[2.4059,51.0523],[2.4237,51.056],[2.4529,51.063],[2.4695,51.0677],[2.4823,51.0706],[2.5054,51.0769],[2.5209,51.0817],[2.5296,51.0839],[2.5455,51.089],[2.5594,51.0707],[2.5628,51.0649],[2.562,51.0584],[2.5759,51.0139],[2.5722,51.0128],[2.5719,51.0084],[2.5755,51.0059],[2.574,51.0032],[2.5793,50.9991],[2.5954,50.992],[2.6073,50.9911],[2.6101,50.9853],[2.6067,50.982],[2.6212,50.9647],[2.6219,50.9614],[2.6287,50.9506],[2.6329,50.9462],[2.6302,50.9433],[2.6171,50.9405],[2.6193,50.9369],[2.6142,50.9325],[2.6088,50.9309],[2.6032,50.9277],[2.5958,50.9212],[2.5903,50.9192],[2.5944,50.9144],[2.6038,50.9166],[2.6075,50.9128],[2.6072,50.9082],[2.6039,50.9046],[2.6055,50.9006],[2.6094,50.8955],[2.6046,50.8876],[2.607,50.8861],[2.6064,50.8826],[2.6098,50.8788],[2.6063,50.8756],[2.6066,50.8733],[2.6118,50.8669],[2.6124,50.8643],[2.6096,50.8609],[2.6052,50.8585],[2.599,50.853],[2.5987,50.8502],[2.6035,50.8478],[2.6113,50.8503],[2.6167,50.848],[2.6156,50.8439],[2.6173,50.8411],[2.6255,50.8367],[2.6273,50.8278],[2.6316,50.8177],[2.6351,50.8129],[2.6558,50.8134],[2.6679,50.8198],[2.6693,50.8227],[2.675,50.8194],[2.6789,50.8134],[2.6935,50.814],[2.704,50.8135],[2.7142,50.8142],[2.7182,50.8134],[2.7259,50.809],[2.7213,50.8023],[2.7227,50.8012],[2.7261,50.7924],[2.7298,50.7918],[2.7304,50.7881],[2.7372,50.7829],[2.7537,50.7769],[2.7542,50.7749],[2.762,50.7716],[2.7587,50.7667],[2.7574,50.7623],[2.7621,50.7634],[2.7616,50.7592],[2.7676,50.7543],[2.7727,50.7551],[2.778,50.7506],[2.783,50.7515],[2.7836,50.7443],[2.7816,50.7434],[2.787,50.7333],[2.7904,50.7317],[2.7894,50.7289],[2.7946,50.7249],[2.803,50.7222],[2.8085,50.7194],[2.8192,50.7155],[2.8227,50.7178],[2.8296,50.7197],[2.8399,50.7206],[2.8481,50.723],[2.8537,50.7155],[2.8697,50.7033],[2.8729,50.7042],[2.8795,50.7028],[2.8854,50.7065],[2.8902,50.703],[2.8988,50.6939],[2.9012,50.6929],[2.908,50.6929],[2.9107,50.6942],[2.9089,50.7022],[2.9124,50.704],[2.9218,50.7029],[2.9264,50.7081],[2.9287,50.709],[2.9311,50.718],[2.9288,50.7227],[2.9316,50.7281],[2.9447,50.7321],[2.9408,50.7375],[2.9381,50.7386],[2.9375,50.7436],[2.9389,50.7452],[2.9475,50.749],[2.9499,50.7512],[2.9566,50.7535],[2.9621,50.7527],[2.9632,50.7499],[2.9734,50.7506],[2.9792,50.7542],[2.9811,50.757],[2.9862,50.7576],[2.9935,50.7603],[3.0125,50.7694],[3.0187,50.7738],[3.0236,50.7712],[3.0327,50.7698],[3.0374,50.7716],[3.0396,50.7757],[3.0506,50.7784],[3.0518,50.7797],[3.0613,50.7806],[3.0829,50.7727],[3.0899,50.774],[3.0919,50.7762],[3.1027,50.7811],[3.1082,50.7857],[3.1069,50.7879],[3.1102,50.7935],[3.1128,50.7946],[3.1209,50.791],[3.125,50.7866],[3.1282,50.7863],[3.1484,50.7902],[3.1509,50.7899],[3.1529,50.7858],[3.1511,50.7836],[3.1549,50.7782],[3.1629,50.7711],[3.1651,50.7674],[3.1714,50.7622],[3.1713,50.7586],[3.1803,50.7553],[3.1796,50.7537],[3.1863,50.7472],[3.1856,50.7445],[3.1874,50.7408],[3.1973,50.737],[3.2,50.7346],[3.1985,50.7313],[3.1927,50.7283],[3.1927,50.7242],[3.1987,50.7205],[3.2084,50.7187],[3.2085,50.7158],[3.2128,50.7126],[3.2186,50.7122],[3.2221,50.7102],[3.2274,50.713],[3.2356,50.7131],[3.2379,50.7113],[3.2453,50.713],[3.2545,50.7035],[3.2611,50.7013],[3.2586,50.6961],[3.2604,50.6913],[3.2537,50.6912],[3.253,50.6896],[3.2586,50.6853],[3.2611,50.679],[3.2646,50.6778],[3.2411,50.6688],[3.2426,50.6657],[3.2401,50.6586],[3.2489,50.6498],[3.2495,50.6472],[3.2441,50.6407],[3.2521,50.6359],[3.2527,50.6328],[3.2592,50.6297],[3.2553,50.6227],[3.2639,50.6178],[3.2709,50.6098],[3.2746,50.5969],[3.2796,50.5959],[3.2761,50.5898],[3.2758,50.5816],[3.2817,50.5776],[3.2815,50.5729],[3.2777,50.5703],[3.2777,50.5643],[3.2852,50.5617],[3.276,50.5586],[3.2826,50.5521],[3.2783,50.5517],[3.2807,50.5444],[3.2788,50.5385],[3.2845,50.5352],[3.287,50.5318],[3.2864,50.5279],[3.2924,50.5241],[3.3046,50.5204],[3.3126,50.519],[3.3206,50.5187],[3.3206,50.5169],[3.3296,50.508],[3.3374,50.5088],[3.3493,50.5056],[3.3618,50.504],[3.3648,50.5003],[3.3693,50.4976],[3.3707,50.4938],[3.377,50.4911],[3.3851,50.4937],[3.3906,50.4977],[3.4086,50.4993],[3.4162,50.503],[3.4187,50.5023],[3.4288,50.5046],[3.4355,50.5099],[3.4469,50.506],[3.4501,50.5077],[3.4517,50.5128],[3.4543,50.5153],[3.4538,50.5192],[3.4641,50.5253],[3.4745,50.5337],[3.4823,50.5304],[3.488,50.5295],[3.4913,50.5276],[3.4994,50.5302],[3.5086,50.5282],[3.5117,50.5257],[3.5184,50.5247],[3.5178,50.5183],[3.5161,50.513],[3.5066,50.5074],[3.4962,50.4988],[3.4995,50.4946],[3.4978,50.4936],[3.5007,50.4867],[3.5108,50.4909],[3.5151,50.4911],[3.5199,50.4944],[3.5342,50.4959],[3.5382,50.4946],[3.5468,50.4976],[3.5634,50.4981],[3.5692,50.5009],[3.5738,50.4988],[3.5728,50.4966],[3.5792,50.4945],[3.581,50.4913],[3.5854,50.4905],[3.5938,50.4914],[3.6076,50.4972],[3.6193,50.4867],[3.6326,50.4799],[3.6302,50.4792],[3.635,50.4714],[3.6435,50.4634],[3.6536,50.4635],[3.658,50.4591],[3.6618,50.4574],[3.6643,50.4525],[3.6607,50.4499],[3.6609,50.4432],[3.6668,50.4405],[3.6689,50.4369],[3.6691,50.4228],[3.6704,50.4165],[3.6737,50.4092],[3.673,50.405],[3.6749,50.4034],[3.6728,50.3982],[3.6733,50.388],[3.67,50.3869],[3.6647,50.3779],[3.6583,50.3735],[3.6589,50.3669],[3.6646,50.3655],[3.6672,50.3609],[3.6673,50.3512],[3.6654,50.347],[3.6736,50.3435],[3.6774,50.3403],[3.6733,50.3351],[3.6779,50.3329],[3.6795,50.3292],[3.6856,50.3267],[3.6886,50.3228],[3.6939,50.3218],[3.6934,50.3169],[3.6948,50.3133],[3.7021,50.3109],[3.7076,50.3065],[3.7099,50.3032],[3.7165,50.3064],[3.7174,50.309],[3.7153,50.3127],[3.7103,50.3139],[3.7097,50.3164],[3.7122,50.3196],[3.7203,50.3159],[3.7209,50.3113],[3.7286,50.3094],[3.7319,50.3115],[3.7274,50.3153],[3.7313,50.3184],[3.7324,50.3216],[3.7292,50.3256],[3.7299,50.3304],[3.7339,50.33],[3.7331,50.3383],[3.7391,50.3452],[3.7393,50.3476],[3.7472,50.351],[3.7634,50.3481],[3.767,50.3531],[3.7725,50.3514],[3.7758,50.3532],[3.7856,50.3534],[3.799,50.3509],[3.8062,50.3554],[3.8136,50.3532],[3.8153,50.3496],[3.8114,50.345],[3.8219,50.3458],[3.8244,50.3483],[3.8243,50.3534],[3.8304,50.3526],[3.837,50.3529],[3.8381,50.3543],[3.847,50.353],[3.8535,50.351],[3.8579,50.347],[3.8586,50.344],[3.872,50.3382],[3.8804,50.338],[3.8872,50.341],[3.8899,50.333],[3.8877,50.3286],[3.8966,50.329],[3.9,50.327],[3.9099,50.3288],[3.9684,50.35],[3.9688,50.3468],[3.9656,50.3415],[3.9674,50.3406],[3.9751,50.346],[3.9877,50.3429],[3.9886,50.3462],[3.9936,50.3487],[3.9991,50.3479],[4.0029,50.3497],[4.0113,50.35],[4.0149,50.3518],[4.0183,50.3573],[4.0226,50.3568],[4.0281,50.3584],[4.0324,50.3512],[4.0334,50.3471],[4.0361,50.3437],[4.0441,50.3395],[4.054,50.3393],[4.0532,50.3353],[4.055,50.3326],[4.0655,50.3303],[4.0709,50.3241],[4.0783,50.3207],[4.0797,50.3112],[4.0819,50.3092],[4.0875,50.3119],[4.0972,50.3135],[4.107,50.3062],[4.1098,50.3019],[4.1141,50.3023],[4.1227,50.298],[4.126,50.2862],[4.1252,50.2804],[4.1218,50.2777],[4.1244,50.2738],[4.1365,50.2747],[4.1343,50.2657],[4.1388,50.2633],[4.1381,50.2572],[4.1458,50.2585],[4.1508,50.2565],[4.1636,50.2574],[4.1676,50.2595],[4.1687,50.2666],[4.1636,50.2692],[4.1634,50.2719],[4.1577,50.2722],[4.1501,50.2741],[4.1492,50.2767],[4.1555,50.2804],[4.1544,50.2851],[4.1611,50.2849],[4.1626,50.289],[4.1699,50.2881],[4.169,50.2847],[4.1764,50.2844],[4.1746,50.2785],[4.1789,50.2752],[4.1906,50.2746],[4.1936,50.2733],[4.2028,50.2746],[4.2116,50.27],[4.2158,50.2617],[4.2213,50.2586],[4.22,50.2516],[4.2121,50.2458],[4.2073,50.2443],[4.203,50.2403],[4.1982,50.2395],[4.1935,50.2404],[4.1891,50.2367],[4.1819,50.2326],[4.1749,50.22],[4.1717,50.2167],[4.1656,50.2146],[4.1561,50.2141],[4.152,50.212],[4.1534,50.2071],[4.1561,50.2037],[4.1605,50.2023],[4.1603,50.1936],[4.1561,50.1925],[4.1562,50.1834],[4.151,50.1795],[4.1483,50.1733],[4.1558,50.1721],[4.1553,50.163],[4.1494,50.1582],[4.1474,50.1582],[4.1373,50.1514],[4.1353,50.1454],[4.1356,50.1426],[4.1308,50.1406],[4.1271,50.1356],[4.1322,50.132],[4.1443,50.1287],[4.1523,50.1289],[4.1548,50.1279],[4.157,50.1353],[4.1759,50.133],[4.1817,50.1331],[4.1968,50.1352],[4.2009,50.1329],[4.1976,50.129],[4.2018,50.1244],[4.2022,50.117],[4.2041,50.1155],[4.1974,50.1093],[4.1967,50.1064],[4.2063,50.1061],[4.2019,50.1022],[4.2016,50.0999],[4.2071,50.0959],[4.2105,50.0969],[4.2143,50.0942],[4.2174,50.0881],[4.2253,50.0856],[4.2255,50.0815],[4.2309,50.0735],[4.2306,50.0693],[4.2283,50.0664],[4.2185,50.0609],[4.2088,50.0583],[4.1988,50.0566],[4.1943,50.0494],[4.186,50.0493],[4.1844,50.0478],[4.174,50.0455],[4.1732,50.0467],[4.1646,50.048],[4.1591,50.0451],[4.1527,50.0398],[4.1485,50.0322],[4.1443,50.0308],[4.1441,50.0282],[4.1365,50.0209],[4.1354,50.0151],[4.1406,50.0096],[4.1449,50.0085],[4.1476,50.0059],[4.1454,50.0038],[4.1549,49.9998],[4.1589,50.0021],[4.1618,50.0006],[4.1631,49.995],[4.1594,49.9928],[4.1574,49.9881],[4.1544,49.9847],[4.1476,49.9836],[4.1427,49.9776],[4.1459,49.9757],[4.15,49.977],[4.1521,49.9746],[4.1573,49.9759],[4.173,49.9771],[4.1788,49.972],[4.185,49.9715],[4.1971,49.9677],[4.1961,49.9635],[4.1963,49.9553],[4.2058,49.9577],[4.2166,49.9572],[4.225,49.9593],[4.2278,49.9578],[4.2342,49.9577],[4.2396,49.9591],[4.2426,49.9615],[4.2547,49.9636],[4.2618,49.9638],[4.2719,49.9653],[4.2747,49.9643],[4.2852,49.9645],[4.2893,49.9637],[4.2976,49.9648],[4.3093,49.9696],[4.3177,49.9649],[4.3277,49.9628],[4.3356,49.9632],[4.3454,49.9566],[4.3498,49.9525],[4.3645,49.9527],[4.3716,49.9515],[4.3818,49.9538],[4.384,49.9512],[4.3906,49.9477],[4.4009,49.9491],[4.4144,49.9472],[4.4358,49.9407],[4.4412,49.9411],[4.4456,49.9372],[4.4812,49.9481],[4.4864,49.9462],[4.4952,49.9486],[4.5114,49.9465],[4.5149,49.95],[4.5187,49.9516],[4.5237,49.9502],[4.5248,49.9537],[4.5304,49.9588],[4.5324,49.9621],[4.5413,49.9682],[4.55,49.9683],[4.5646,49.9704],[4.5735,49.9765],[4.5744,49.9804],[4.5818,49.9836],[4.5889,49.9843],[4.5977,49.9864],[4.6079,49.9855],[4.6136,49.9863],[4.6243,49.9863],[4.6288,49.9877],[4.6335,49.9873],[4.6374,49.9893],[4.642,49.9895],[4.6574,49.9937],[4.6651,49.9944],[4.667,49.9968],[4.693,49.9955],[4.6875,50.0006],[4.6851,50.008],[4.6889,50.0113],[4.6863,50.0135],[4.6869,50.0251],[4.6855,50.0274],[4.6916,50.0352],[4.6921,50.038],[4.6968,50.0424],[4.6953,50.0475],[4.7,50.0524],[4.6955,50.0588],[4.6927,50.0576],[4.6862,50.0575],[4.6831,50.0649],[4.6795,50.0669],[4.6858,50.0701],[4.6883,50.0726],[4.6879,50.0765],[4.6924,50.0845],[4.6948,50.0852],[4.7021,50.0956],[4.713,50.0968],[4.7159,50.1009],[4.7196,50.1018],[4.7517,50.1119],[4.7533,50.1165],[4.7481,50.1223],[4.7562,50.1216],[4.7628,50.1345],[4.7622,50.1364],[4.7726,50.1401],[4.7795,50.1415],[4.8066,50.1527],[4.823,50.1682],[4.8248,50.1604],[4.8337,50.1537],[4.8408,50.1541],[4.8491,50.1533],[4.8514,50.1522],[4.8753,50.1541],[4.8792,50.1521],[4.8786,50.1499],[4.8825,50.1438],[4.8814,50.1413],[4.8951,50.1402],[4.8971,50.138],[4.8949,50.1349],[4.8909,50.1342],[4.8868,50.1308],[4.8784,50.1318],[4.8785,50.1272],[4.873,50.1259],[4.867,50.1188],[4.8732,50.1096],[4.8708,50.1038],[4.8689,50.0962],[4.8759,50.0944],[4.8724,50.0878],[4.8687,50.0883],[4.8602,50.0933],[4.8619,50.0972],[4.8587,50.1],[4.8498,50.1012],[4.85,50.0988],[4.8427,50.0953],[4.842,50.0917],[4.8469,50.0843],[4.8406,50.083],[4.8429,50.0777],[4.8379,50.0672],[4.83,50.0677],[4.8197,50.0661],[4.8221,50.0642],[4.8189,50.0613],[4.821,50.0599],[4.8276,50.0592],[4.8297,50.0565],[4.8268,50.0509],[4.8296,50.0479],[4.8408,50.0464],[4.8418,50.0435],[4.8408,50.0372],[4.8356,50.0346],[4.83,50.0339],[4.8279,50.0299],[4.82,50.0261],[4.8226,50.0218],[4.8184,50.0198],[4.8174,50.0151],[4.8216,50.0116],[4.8163,50.0026],[4.8171,49.9974],[4.8195,49.9952],[4.8104,49.988],[4.8074,49.984],[4.8041,49.9826],[4.7957,49.983],[4.7932,49.9818],[4.7954,49.9771],[4.7906,49.9701],[4.791,49.9581],[4.7967,49.9581],[4.8068,49.9545],[4.8122,49.9544],[4.8211,49.9516],[4.827,49.9514],[4.8304,49.9491],[4.8399,49.9508],[4.8488,49.9479],[4.8541,49.9381],[4.8591,49.9315],[4.8715,49.9276],[4.8818,49.9217],[4.8809,49.9162],[4.8902,49.909],[4.888,49.9064],[4.8806,49.9058],[4.8777,49.9045],[4.8769,49.9014],[4.8853,49.902],[4.8867,49.8976],[4.8784,49.895],[4.8692,49.8836],[4.8718,49.8799],[4.8667,49.8786],[4.8615,49.8708],[4.8631,49.8677],[4.8591,49.8651],[4.854,49.8648],[4.8503,49.8664],[4.852,49.8584],[4.852,49.8523],[4.8576,49.8468],[4.8576,49.8418],[4.8672,49.842],[4.8692,49.8341],[4.8681,49.829],[4.8695,49.8227],[4.8763,49.8198],[4.8761,49.8173],[4.8694,49.8154],[4.8666,49.8132],[4.8633,49.8046],[4.8631,49.8018],[4.8595,49.8004],[4.8592,49.7969],[4.8561,49.7949],[4.8564,49.7921],[4.8638,49.7888],[4.8709,49.7896],[4.8699,49.7935],[4.8807,49.7928],[4.8878,49.7882],[4.8981,49.7892],[4.901,49.7861],[4.9087,49.7857],[4.9204,49.7887],[4.9309,49.787],[4.932,49.79],[4.9389,49.7931],[4.9438,49.7917],[4.9458,49.7939],[4.9474,49.799],[4.9567,49.8007],[4.9623,49.7978],[4.9671,49.7983],[4.9687,49.8016],[4.9724,49.8017],[4.9843,49.7996],[4.9941,49.8008],[4.9983,49.7997],[4.9973,49.7947],[5.0012,49.7937],[5.0069,49.7874],[5.0086,49.7821],[5.0193,49.7781],[5.0297,49.775],[5.037,49.7718],[5.049,49.7702],[5.0535,49.7684],[5.0616,49.7673],[5.063,49.7623],[5.0717,49.761],[5.0857,49.7634],[5.0877,49.7662],[5.0939,49.7638],[5.1041,49.7529],[5.1109,49.7471],[5.119,49.7382],[5.119,49.7355],[5.125,49.7268],[5.1229,49.7174],[5.1288,49.7135],[5.1341,49.7129],[5.1409,49.7135],[5.1431,49.7094],[5.1474,49.7117],[5.1541,49.7188],[5.1588,49.717],[5.1655,49.7122],[5.1664,49.7078],[5.1637,49.7002],[5.1652,49.696],[5.1643,49.6934],[5.1735,49.6934],[5.1765,49.6942],[5.1863,49.6937],[5.1916,49.695],[5.1957,49.6924],[5.2006,49.6926],[5.2057,49.6963],[5.2083,49.6954],[5.218,49.6877],[5.2286,49.6913],[5.2316,49.6917],[5.2375,49.6898],[5.2429,49.6893],[5.2471,49.6867],[5.2562,49.6942],[5.2643,49.6951],[5.2685,49.6966],[5.2813,49.6891],[5.2818,49.6868],[5.2871,49.6819],[5.29,49.6812],[5.2938,49.6773],[5.2982,49.6763],[5.303,49.6734],[5.3093,49.6717],[5.3254,49.6596],[5.3284,49.6585],[5.3326,49.6526],[5.3183,49.6462],[5.3175,49.6437],[5.3126,49.6388],[5.3096,49.6372],[5.3053,49.6308],[5.3048,49.6248],[5.3111,49.6184],[5.3121,49.6117],[5.316,49.612],[5.3185,49.6144],[5.3301,49.6168],[5.3369,49.6156],[5.3434,49.622],[5.3431,49.626],[5.3472,49.6313],[5.3526,49.631],[5.3571,49.6268],[5.3618,49.6263],[5.3638,49.6232],[5.3704,49.6226],[5.3753,49.6235],[5.3827,49.6196],[5.3932,49.6177],[5.3981,49.6158],[5.4023,49.6099],[5.4112,49.6083],[5.4182,49.5998],[5.4251,49.5983],[5.4311,49.5925],[5.4289,49.5902],[5.433,49.5819],[5.4376,49.5699],[5.4436,49.5676],[5.457,49.567],[5.4498,49.5581],[5.4475,49.5542],[5.4414,49.5523],[5.4428,49.5503],[5.4491,49.5482],[5.4591,49.5416],[5.4653,49.5389],[5.4653,49.5324],[5.467,49.5259],[5.4617,49.5256],[5.4551,49.5201],[5.4475,49.5179],[5.4616,49.5102],[5.4659,49.5086],[5.4644,49.502],[5.465,49.4989],[5.4722,49.4969],[5.4788,49.4999],[5.4804,49.5043],[5.4852,49.5072],[5.4901,49.5077],[5.4996,49.5066],[5.5171,49.5092],[5.5408,49.5152],[5.5442,49.5188],[5.5451,49.5235],[5.5503,49.5271],[5.5567,49.5292],[5.5647,49.5256],[5.5663,49.5274],[5.5712,49.5279],[5.5766,49.5254],[5.5845,49.5236],[5.5886,49.5216],[5.5912,49.5229],[5.5989,49.5185],[5.604,49.5121],[5.6036,49.5091],[5.611,49.506],[5.6131,49.5095],[5.6183,49.5144],[5.6216,49.5197],[5.6194,49.5247],[5.6156,49.5272],[5.6199,49.5327],[5.6266,49.5375],[5.6326,49.54],[5.6308,49.542],[5.6337,49.5444],[5.6435,49.5469],[5.6428,49.55],[5.6526,49.5504],[5.6641,49.553],[5.6692,49.5483],[5.6731,49.549],[5.6821,49.548],[5.6812,49.5454],[5.6906,49.5462],[5.7005,49.5398],[5.7074,49.5389],[5.7139,49.5407],[5.715,49.5392],[5.7219,49.5402],[5.7242,49.544],[5.732,49.5448],[5.7354,49.5433],[5.7388,49.5389],[5.7476,49.5397],[5.7576,49.543],[5.7555,49.5463],[5.7577,49.5522],[5.7562,49.5571],[5.7622,49.561],[5.7711,49.5633],[5.7744,49.5632],[5.7773,49.5598],[5.7847,49.5577],[5.7922,49.5516],[5.8008,49.5495],[5.8076,49.5508],[5.8125,49.5472],[5.8179,49.5457],[5.8081,49.5426],[5.8133,49.5416],[5.8172,49.537],[5.8371,49.5426],[5.8392,49.5373],[5.8458,49.5299],[5.8341,49.5264],[5.8365,49.5197],[5.8413,49.5169],[5.8478,49.5149],[5.8498,49.5089],[5.8589,49.5059],[5.8622,49.5021],[5.8663,49.4999],[5.8737,49.4985],[5.8851,49.4988],[5.8902,49.4967],[5.8963,49.4966],[5.9034,49.4981],[5.9123,49.502],[5.9275,49.4984],[5.9306,49.5006],[5.9401,49.501],[5.9434,49.4974],[5.9492,49.4965],[5.9521,49.4941],[5.9652,49.4928],[5.9721,49.4914],[5.9738,49.4891],[5.9681,49.4864],[5.9714,49.4831],[5.9748,49.482],[5.9748,49.4776],[5.9724,49.4755],[5.9719,49.4696],[5.974,49.4655],[5.9793,49.4609],[5.9826,49.4635],[5.9881,49.4613],[5.9857,49.4557],[5.9824,49.457],[5.9793,49.4552],[5.982,49.4511],[5.9979,49.4565],[6.0012,49.4565],[6.0078,49.4516],[6.0115,49.4535],[6.0237,49.455],[6.0272,49.4538],[6.0259,49.4507],[6.0273,49.4483],[6.0326,49.4495],[6.0418,49.4479],[6.0531,49.4639],[6.0581,49.4664],[6.0662,49.4648],[6.0726,49.4654],[6.0737,49.4636],[6.0792,49.4639],[6.0807,49.4585],[6.0923,49.4531],[6.0998,49.4531],[6.1016,49.4543],[6.0982,49.4643],[6.102,49.4704],[6.1095,49.4725],[6.1142,49.4705],[6.1221,49.4727],[6.1226,49.4752],[6.1275,49.4823],[6.1267,49.49],[6.128,49.4939],[6.1337,49.49],[6.1418,49.4917],[6.1447,49.4879],[6.1559,49.4934],[6.1573,49.4915],[6.1625,49.4935],[6.1563,49.498],[6.1539,49.5016],[6.1571,49.5042],[6.1636,49.5045],[6.172,49.5081],[6.1751,49.5103],[6.1783,49.507],[6.1808,49.508],[6.1958,49.5054],[6.2025,49.507],[6.2145,49.5063],[6.22,49.5088],[6.2276,49.5104],[6.2362,49.5082],[6.239,49.5135],[6.2451,49.5115],[6.2484,49.5085],[6.2569,49.5098],[6.258,49.5075],[6.2628,49.5065],[6.2633,49.504],[6.2719,49.5047],[6.2797,49.5034],[6.2805,49.5004],[6.2789,49.4963],[6.2844,49.4915],[6.2875,49.4862],[6.2995,49.488],[6.2951,49.4814],[6.3043,49.4783],[6.313,49.4804],[6.3144,49.478],[6.3206,49.4774],[6.334,49.4669],[6.3426,49.4691],[6.3473,49.4659],[6.3529,49.4673],[6.3605,49.4614],[6.3644,49.4595],[6.3689,49.4599],[6.3677,49.4694],[6.3716,49.4686],[6.375,49.4644],[6.3855,49.4656],[6.3891,49.4645],[6.3959,49.4645],[6.4076,49.4674],[6.4146,49.4712],[6.4204,49.4764],[6.4259,49.4754],[6.4281,49.477],[6.4335,49.4718],[6.4405,49.4667],[6.4433,49.4683],[6.4511,49.466],[6.456,49.4629],[6.4627,49.4651],[6.469,49.4644],[6.4716,49.4615],[6.4776,49.4578],[6.4856,49.4519],[6.4997,49.4502],[6.5094,49.4451],[6.5143,49.4407],[6.525,49.4355],[6.5344,49.4356],[6.5524,49.424],[6.5543,49.42],[6.5524,49.4169],[6.5484,49.4178],[6.54,49.4123],[6.5372,49.4088],[6.5407,49.4011],[6.5444,49.4019],[6.551,49.3969],[6.5523,49.3941],[6.5601,49.3925],[6.5634,49.3882],[6.5768,49.3897],[6.58,49.3854],[6.5853,49.3858],[6.5876,49.383],[6.5842,49.3766],[6.5847,49.3717],[6.5829,49.3684],[6.5946,49.3715],[6.5982,49.37],[6.5998,49.3666],[6.5965,49.3593],[6.5918,49.3581],[6.5895,49.3521],[6.5852,49.3532],[6.5817,49.3564],[6.5742,49.3587],[6.5636,49.3559],[6.5651,49.3494],[6.5681,49.3453],[6.5759,49.3416],[6.5811,49.3343],[6.5859,49.3371],[6.5932,49.3326],[6.5957,49.33],[6.589,49.3221],[6.5951,49.3172],[6.6049,49.312],[6.6094,49.3067],[6.6147,49.303],[6.6248,49.3028],[6.6268,49.2997],[6.6319,49.2958],[6.6388,49.2957],[6.6442,49.2898],[6.6505,49.2886],[6.6535,49.2812],[6.6614,49.2822],[6.6703,49.2802],[6.666,49.2769],[6.6678,49.2713],[6.6666,49.2679],[6.6604,49.2611],[6.6645,49.2546],[6.6698,49.2552],[6.6757,49.2576],[6.6769,49.2556],[6.6838,49.2534],[6.6907,49.2477],[6.6857,49.2437],[6.6858,49.2397],[6.6887,49.2383],[6.6894,49.2323],[6.6909,49.23],[6.6883,49.2245],[6.6899,49.2203],[6.6954,49.2157],[6.7018,49.2169],[6.7052,49.2163],[6.7197,49.2213],[6.7233,49.2189],[6.7272,49.212],[6.7316,49.2059],[6.7113,49.1884],[6.7205,49.1754],[6.7266,49.1726],[6.7295,49.1693],[6.7387,49.1636],[6.7492,49.1665],[6.7584,49.1649],[6.7639,49.165],[6.7801,49.1684],[6.7901,49.166],[6.7925,49.1638],[6.8027,49.162],[6.8096,49.158],[6.817,49.1576],[6.8246,49.1541],[6.8342,49.1513],[6.8474,49.1572],[6.8445,49.1638],[6.8453,49.1683],[6.8443,49.173],[6.8584,49.1748],[6.8617,49.1817],[6.8581,49.1871],[6.85,49.1943],[6.8524,49.1985],[6.8508,49.2019],[6.846,49.2048],[6.8426,49.2086],[6.8362,49.2113],[6.838,49.2135],[6.8469,49.2169],[6.8586,49.2226],[6.8628,49.2223],[6.8705,49.2185],[6.8726,49.2148],[6.8929,49.2088],[6.9004,49.2135],[6.9114,49.215],[6.9189,49.22],[6.9188,49.2226],[6.9252,49.2234],[6.9287,49.222],[6.9382,49.2224],[6.9399,49.2167],[6.9445,49.2139],[6.9511,49.2077],[6.9596,49.2031],[6.9726,49.2095],[6.9752,49.2094],[6.9925,49.2008],[6.9972,49.1973],[6.999,49.1944],[7.0089,49.194],[7.0109,49.1879],[7.0156,49.1911],[7.0216,49.1932],[7.0234,49.1892],[7.0285,49.1909],[7.035,49.1914],[7.0333,49.1874],[7.0331,49.1805],[7.0283,49.1753],[7.0277,49.1701],[7.0334,49.1624],[7.0321,49.1566],[7.0421,49.1458],[7.0469,49.1365],[7.0442,49.1218],[7.0481,49.1152],[7.0525,49.1128],[7.057,49.112],[7.0669,49.1146],[7.0686,49.1203],[7.0725,49.1246],[7.0892,49.1301],[7.0901,49.1328],[7.0818,49.1419],[7.0841,49.1445],[7.0803,49.149],[7.0826,49.1527],[7.0913,49.152],[7.0952,49.1528],[7.0986,49.1555],[7.1061,49.1554],[7.1079,49.1525],[7.1134,49.1517],[7.104,49.1457],[7.1034,49.1394],[7.1163,49.1401],[7.1214,49.1419],[7.1264,49.1421],[7.1313,49.1349],[7.1318,49.1315],[7.1356,49.1285],[7.1406,49.1279],[7.1426,49.1261],[7.1506,49.1251],[7.157,49.121],[7.1633,49.1268],[7.1681,49.1273],[7.1778,49.1301],[7.1839,49.1299],[7.1966,49.1217],[7.2002,49.1157],[7.2039,49.1203],[7.2041,49.1226],[7.2088,49.1244],[7.2303,49.1264],[7.2361,49.1287],[7.2453,49.13],[7.2491,49.1273],[7.2658,49.1227],[7.2737,49.1242],[7.2781,49.1225],[7.2841,49.1236],[7.2826,49.1169],[7.2936,49.115],[7.2986,49.1173],[7.3043,49.1233],[7.3059,49.1271],[7.3101,49.1294],[7.3136,49.1372],[7.3174,49.1396],[7.33,49.145],[7.3415,49.1452],[7.3447,49.1434],[7.3618,49.144],[7.363,49.1452],[7.3614,49.153],[7.3626,49.1565],[7.3667,49.1607],[7.3647,49.1667],[7.3656,49.1721],[7.3794,49.175],[7.4458,49.1843],[7.4438,49.1823],[7.4362,49.1799],[7.4362,49.177],[7.4393,49.176],[7.4419,49.1722],[7.4406,49.1705],[7.4331,49.1682],[7.4325,49.1659],[7.439,49.1643],[7.4438,49.1675],[7.4486,49.1687],[7.4537,49.1671],[7.4598,49.1628],[7.4641,49.1641],[7.4674,49.1674],[7.4821,49.1697],[7.4941,49.1696],[7.4926,49.1646],[7.4933,49.1608],[7.4975,49.1558],[7.5064,49.1548],[7.506,49.1505],[7.5025,49.1496],[7.4972,49.1456],[7.4956,49.1414],[7.49,49.1423],[7.4895,49.1365],[7.4964,49.1356],[7.4992,49.133],[7.5056,49.1225],[7.5119,49.1226],[7.5158,49.1211],[7.5191,49.1173],[7.5217,49.1118],[7.522,49.1079],[7.5255,49.1038],[7.5297,49.102],[7.5288,49.0971],[7.5378,49.0964],[7.5358,49.0936],[7.5501,49.0858],[7.5636,49.0802],[7.5691,49.0797],[7.5939,49.0828],[7.6011,49.0832],[7.6094,49.079],[7.6204,49.0742],[7.6297,49.0736],[7.6313,49.0696],[7.6307,49.0657],[7.6328,49.0638],[7.6329,49.0585],[7.6315,49.0549],[7.6586,49.0492],[7.6747,49.0449],[7.6803,49.0481],[7.6858,49.0493],[7.692,49.0489],[7.6976,49.0498],[7.6973,49.0519],[7.6924,49.0543],[7.696,49.0578],[7.7056,49.0562],[7.7081,49.0525],[7.7181,49.054],[7.7203,49.0514],[7.7276,49.0551],[7.7313,49.0543],[7.7324,49.044],[7.736,49.044],[7.7408,49.0473],[7.7473,49.0464],[7.751,49.048],[7.7572,49.0453],[7.7691,49.0475],[7.7702,49.0502],[7.7763,49.0565],[7.7801,49.0584],[7.7882,49.0581],[7.7923,49.062],[7.7944,49.0658],[7.8047,49.0623],[7.8111,49.0608],[7.8132,49.0566],[7.8158,49.0549],[7.8261,49.0523],[7.8306,49.0471],[7.8361,49.0473],[7.8439,49.0447],[7.8463,49.0427],[7.8515,49.0421],[7.8521,49.0379],[7.8544,49.0356],[7.8603,49.0352],[7.8678,49.0332],[7.8743,49.0405],[7.8891,49.0493],[7.8925,49.0472],[7.902,49.0449],[7.9104,49.0442],[7.9144,49.0406],[7.9228,49.0437],[7.9271,49.0505],[7.931,49.0542],[7.9315,49.058],[7.9453,49.0556],[7.9457,49.0497],[7.9493,49.0471],[7.9576,49.0449],[7.9569,49.0431],[7.9649,49.043],[7.9674,49.0391],[7.9669,49.0362],[7.9716,49.0361],[7.9751,49.0266],[7.9814,49.0259],[7.9883,49.0283],[7.9962,49.029],[8.0086,49.0247],[8.0128,49.0242],[8.0126,49.0216],[8.0185,49.0215],[8.0228,49.0182],[8.0314,49.0188],[8.0383,49.0156],[8.0451,49.0138],[8.0495,49.0144],[8.0545,49.0109],[8.0566,49.008],[8.0634,49.0058],[8.0647,49],[8.0685,48.9994],[8.0701,48.9964],[8.0833,48.9937],[8.0915,48.9892],[8.1006,48.99],[8.1075,48.9878],[8.116,48.9868],[8.1197,48.9848],[8.1235,48.9866],[8.1278,48.9826],[8.1398,48.9783],[8.1448,48.9785],[8.1532,48.977],[8.1567,48.9784],[8.1656,48.9779],[8.1707,48.9791],[8.1848,48.9784],[8.1887,48.9765],[8.196,48.9763],[8.1975,48.9726],[8.1953,48.9691],[8.1995,48.9669],[8.2038,48.9696],[8.216,48.9753],[8.2229,48.9759],[8.2279,48.9725],[8.2296,48.9686],[8.2325,48.9664],[8.2275,48.965],[8.2042,48.96],[8.1982,48.9578],[8.191,48.9505],[8.1826,48.9384],[8.1741,48.9292],[8.1578,48.9143],[8.1498,48.9059],[8.1391,48.893],[8.1325,48.8838],[8.1263,48.8738],[8.1187,48.8593],[8.1102,48.8412],[8.1081,48.835],[8.1063,48.8251],[8.1043,48.82],[8.1002,48.8145],[8.0938,48.8078],[8.0809,48.7975],[8.07,48.7913],[8.0617,48.7891],[8.0557,48.7892],[8.0432,48.7908],[8.0361,48.7897],[8.0289,48.7863],[8.0259,48.782],[8.0242,48.772],[8.022,48.767],[8.0148,48.7612],[8.0079,48.7592],[8.0015,48.7588],[7.9871,48.7609],[7.9799,48.7606],[7.9744,48.7592],[7.9704,48.7563],[7.9685,48.7525],[7.9669,48.7423],[7.9677,48.7301],[7.9666,48.7258],[7.9637,48.7219],[7.9517,48.7121],[7.8919,48.6638],[7.8833,48.6592],[7.8625,48.6509],[7.849,48.6471],[7.8443,48.6452],[7.8379,48.6384],[7.8314,48.6216],[7.8266,48.6152],[7.8053,48.5932],[7.8011,48.5862],[7.8003,48.5826],[7.8008,48.5764],[7.8052,48.5619],[7.8058,48.5502],[7.8036,48.5395],[7.804,48.5338],[7.8067,48.5232],[7.8066,48.5192],[7.8042,48.5117],[7.8,48.5061],[7.7948,48.5017],[7.7882,48.4987],[7.7783,48.4954],[7.7691,48.4906],[7.7671,48.4868],[7.7673,48.4761],[7.7662,48.4605],[7.764,48.4533],[7.761,48.4471],[7.7371,48.4064],[7.7334,48.3984],[7.7311,48.3848],[7.7318,48.3765],[7.7338,48.3692],[7.7451,48.3354],[7.7457,48.3319],[7.7443,48.3268],[7.7414,48.3229],[7.7351,48.3185],[7.7293,48.3164],[7.7073,48.3106],[7.6995,48.3067],[7.6932,48.3011],[7.6905,48.2966],[7.6893,48.2913],[7.6891,48.2807],[7.6877,48.2754],[7.6798,48.2542],[7.6677,48.2237],[7.6657,48.2205],[7.6613,48.2169],[7.6495,48.211],[7.6437,48.2067],[7.633,48.1887],[7.6249,48.1791],[7.6024,48.1598],[7.6001,48.1566],[7.5989,48.1515],[7.6005,48.1431],[7.5997,48.1375],[7.5972,48.1337],[7.5898,48.129],[7.5831,48.1265],[7.5781,48.1219],[7.577,48.1168],[7.5793,48.1085],[7.5795,48.1022],[7.5775,48.0964],[7.5704,48.0859],[7.5695,48.0772],[7.5734,48.0596],[7.574,48.0544],[7.5726,48.0466],[7.5695,48.0397],[7.5688,48.0355],[7.5722,48.0301],[7.6026,48.0061],[7.6087,48.0004],[7.6162,47.9904],[7.6215,47.9775],[7.6219,47.9728],[7.6198,47.9671],[7.6106,47.9553],[7.6061,47.9512],[7.5894,47.9383],[7.5847,47.9334],[7.581,47.9256],[7.5809,47.9185],[7.5829,47.9062],[7.5829,47.9015],[7.579,47.8942],[7.5733,47.8898],[7.5616,47.8842],[7.557,47.8788],[7.5557,47.8742],[7.5562,47.8661],[7.5619,47.8559],[7.5636,47.8499],[7.5631,47.8429],[7.5607,47.8374],[7.5529,47.8276],[7.5484,47.8201],[7.544,47.8087],[7.5324,47.7885],[7.5303,47.7832],[7.5298,47.7775],[7.5311,47.771],[7.5331,47.7668],[7.5461,47.7435],[7.5486,47.7375],[7.5483,47.7328],[7.5458,47.7255],[7.5423,47.7205],[7.5356,47.7149],[7.5156,47.7037],[7.5129,47.7011],[7.5119,47.6965],[7.5171,47.6886],[7.5197,47.6821],[7.5193,47.6693],[7.521,47.6646],[7.5255,47.659],[7.5375,47.6495],[7.543,47.6462],[7.5591,47.6382],[7.5634,47.6354],[7.5681,47.6306],[7.5724,47.6193],[7.5778,47.6133],[7.5863,47.6092],[7.5895,47.6069],[7.5926,47.6024],[7.5922,47.5956],[7.5857,47.5841],[7.5847,47.5755],[7.5789,47.5767],[7.5753,47.5761],[7.5665,47.5777],[7.5654,47.5762],[7.5569,47.5725],[7.5593,47.5694],[7.5573,47.565],[7.5469,47.5615],[7.5365,47.5555],[7.5307,47.5542],[7.5189,47.5463],[7.511,47.5445],[7.5055,47.5444],[7.5011,47.5411],[7.498,47.5362],[7.5014,47.5322],[7.5023,47.5284],[7.5108,47.529],[7.5194,47.5347],[7.5244,47.5319],[7.5268,47.5329],[7.531,47.529],[7.5309,47.5268],[7.5276,47.5218],[7.5235,47.5187],[7.5237,47.5153],[7.5175,47.5173],[7.5113,47.517],[7.5031,47.514],[7.5079,47.5108],[7.5103,47.506],[7.5088,47.5023],[7.5111,47.497],[7.5011,47.4935],[7.4999,47.491],[7.4938,47.4884],[7.4916,47.4847],[7.4876,47.4821],[7.4771,47.4801],[7.472,47.4804],[7.4661,47.4848],[7.4624,47.4891],[7.4564,47.4885],[7.4508,47.4903],[7.4471,47.4934],[7.4411,47.4951],[7.435,47.4981],[7.4298,47.4936],[7.4258,47.4885],[7.4215,47.4812],[7.4294,47.4829],[7.4362,47.4807],[7.4563,47.4727],[7.4558,47.4707],[7.4502,47.4675],[7.4458,47.462],[7.4326,47.4593],[7.4278,47.4573],[7.4288,47.4539],[7.4206,47.4456],[7.415,47.4428],[7.4032,47.4387],[7.4031,47.4355],[7.3939,47.4352],[7.3856,47.4319],[7.3811,47.432],[7.3683,47.4344],[7.3652,47.4337],[7.3556,47.4339],[7.3448,47.4361],[7.34,47.4405],[7.3298,47.4417],[7.3204,47.4384],[7.3126,47.438],[7.3024,47.4386],[7.3005,47.4365],[7.2958,47.4357],[7.2927,47.4334],[7.287,47.4352],[7.2814,47.4346],[7.2797,47.4327],[7.2697,47.427],[7.255,47.4244],[7.2466,47.4203],[7.2458,47.4265],[7.239,47.4285],[7.2389,47.4333],[7.2334,47.4386],[7.229,47.4399],[7.2057,47.4356],[7.1958,47.4354],[7.1925,47.439],[7.1807,47.4418],[7.1699,47.4437],[7.1745,47.4501],[7.1783,47.4586],[7.1788,47.4693],[7.1847,47.4772],[7.1869,47.4825],[7.1909,47.4885],[7.203,47.4914],[7.201,47.4943],[7.1851,47.4912],[7.1674,47.4894],[7.1593,47.4907],[7.1525,47.4963],[7.1392,47.5018],[7.1303,47.5029],[7.1266,47.5026],[7.1157,47.4963],[7.1125,47.4951],[7.1,47.4943],[7.0942,47.4954],[7.0914,47.4947],[7.0814,47.4897],[7.0749,47.4882],[7.0721,47.4924],[7.0608,47.4954],[7.0524,47.4951],[7.0445,47.4984],[7.0369,47.4975],[7.0249,47.5043],[7.0197,47.5043],[7.0037,47.5007],[6.986,47.4933],[6.9886,47.4869],[6.9886,47.481],[6.9864,47.4763],[6.9883,47.4731],[6.9932,47.4707],[6.9917,47.4664],[7.0005,47.4672],[7.0013,47.4619],[6.9982,47.4597],[6.9975,47.4564],[7.0022,47.4542],[6.9959,47.4496],[6.9902,47.448],[6.981,47.4492],[6.9703,47.4471],[6.9663,47.4377],[6.9576,47.4338],[6.955,47.4353],[6.9403,47.4333],[6.9415,47.4157],[6.9384,47.4061],[6.9172,47.4053],[6.9155,47.3972],[6.9103,47.3965],[6.9114,47.3907],[6.9139,47.3893],[6.9121,47.3862],[6.9039,47.3826],[6.8967,47.3822],[6.8958,47.3799],[6.8885,47.3765],[6.8836,47.3729],[6.8849,47.3674],[6.8825,47.3612],[6.8794,47.3578],[6.8798,47.3478],[6.8762,47.346],[6.8789,47.3419],[6.8851,47.3373],[6.8918,47.3372],[6.8961,47.3345],[6.902,47.3331],[6.9049,47.3292],[6.9245,47.3323],[6.9284,47.3304],[6.9269,47.327],[6.9303,47.3229],[6.9398,47.3254],[6.9415,47.3232],[6.9251,47.3107],[6.9295,47.3089],[6.933,47.2976],[6.943,47.292],[6.9455,47.2893],[6.9372,47.2879],[6.9352,47.2843],[6.928,47.282],[6.9276,47.2791],[6.9242,47.2746],[6.9297,47.2743],[6.9319,47.268],[6.9273,47.2654],[6.9298,47.2569],[6.9348,47.2542],[6.9352,47.251],[6.9472,47.2464],[6.9517,47.2456],[6.9549,47.2431],[6.9484,47.2394],[6.9427,47.2375],[6.9408,47.2315],[6.9342,47.2307],[6.9279,47.2287],[6.9273,47.2257],[6.9211,47.2206],[6.91,47.2182],[6.9071,47.2147],[6.8984,47.2099],[6.892,47.2072],[6.889,47.2045],[6.8807,47.2005],[6.8787,47.1962],[6.8739,47.1905],[6.8743,47.1859],[6.8673,47.1853],[6.864,47.1804],[6.8531,47.1766],[6.8407,47.1708],[6.8433,47.1672],[6.8476,47.166],[6.8535,47.1668],[6.8583,47.1643],[6.8515,47.1591],[6.8499,47.1564],[6.8404,47.1539],[6.8399,47.1506],[6.8304,47.1462],[6.8254,47.1426],[6.8199,47.1403],[6.8149,47.1356],[6.8092,47.1357],[6.8063,47.1309],[6.7969,47.1291],[6.7917,47.1268],[6.7794,47.1238],[6.7772,47.122],[6.7674,47.1211],[6.7565,47.117],[6.7515,47.1142],[6.7475,47.1104],[6.7405,47.1096],[6.742,47.1035],[6.7465,47.0995],[6.7446,47.0927],[6.7416,47.0909],[6.7352,47.0896],[6.7296,47.09],[6.7257,47.0919],[6.7227,47.0896],[6.7151,47.0884],[6.7104,47.0844],[6.7037,47.0825],[6.7036,47.0806],[6.7074,47.0783],[6.7001,47.0697],[6.6934,47.0689],[6.6915,47.0667],[6.6995,47.0613],[6.7019,47.0586],[6.7085,47.058],[6.712,47.0536],[6.7192,47.0512],[6.7115,47.048],[6.7088,47.045],[6.7058,47.0443],[6.6965,47.0373],[6.6859,47.0374],[6.6765,47.0351],[6.6592,47.0273],[6.6536,47.0223],[6.6484,47.0146],[6.646,47.0096],[6.6404,47.0028],[6.6336,46.9982],[6.6276,46.9964],[6.618,46.9916],[6.6057,46.9909],[6.6,46.9925],[6.5962,46.9924],[6.5864,46.9888],[6.5719,46.982],[6.5625,46.9794],[6.553,46.9779],[6.5373,46.9735],[6.5239,46.972],[6.5173,46.9706],[6.5048,46.9657],[6.4965,46.9741],[6.4857,46.9675],[6.4777,46.9618],[6.4695,46.9532],[6.4623,46.9471],[6.4603,46.9438],[6.4465,46.9341],[6.4327,46.9287],[6.4359,46.9216],[6.4416,46.9176],[6.4579,46.9008],[6.4646,46.8904],[6.46,46.8513],[6.4432,46.8327],[6.4395,46.824],[6.4408,46.8158],[6.431,46.8124],[6.4348,46.8015],[6.4584,46.7888],[6.4517,46.7786],[6.4523,46.7742],[6.4489,46.7733],[6.4384,46.7667],[6.4382,46.7618],[6.4303,46.7568],[6.4193,46.7531],[6.3952,46.7485],[6.3884,46.7433],[6.392,46.739],[6.3894,46.7351],[6.3839,46.731],[6.379,46.7304],[6.371,46.7307],[6.3717,46.7241],[6.3651,46.7226],[6.3602,46.7231],[6.3573,46.7197],[6.3538,46.7182],[6.3521,46.7149],[6.3494,46.7144],[6.3412,46.7101],[6.3271,46.7062],[6.3251,46.7065],[6.3156,46.7026],[6.2971,46.6943],[6.282,46.6907],[6.279,46.6875],[6.2691,46.6825],[6.2673,46.6762],[6.2532,46.6672],[6.2423,46.6609],[6.2328,46.6545],[6.2276,46.6482],[6.219,46.6451],[6.2129,46.641],[6.2074,46.6356],[6.204,46.6363],[6.1965,46.6287],[6.1908,46.6255],[6.1856,46.6237],[6.1795,46.6201],[6.179,46.6158],[6.1653,46.6101],[6.1612,46.61],[6.1538,46.604],[6.148,46.6022],[6.1265,46.5899],[6.1219,46.584],[6.1105,46.5764],[6.1275,46.5648],[6.1567,46.5453],[6.1486,46.5394],[6.1535,46.5368],[6.1437,46.5277],[6.138,46.531],[6.1208,46.517],[6.1126,46.5096],[6.11,46.5041],[6.1036,46.4941],[6.0969,46.4813],[6.0769,46.4674],[6.0728,46.4654],[6.0735,46.4599],[6.0769,46.4576],[6.0744,46.4535],[6.0844,46.4474],[6.0864,46.4439],[6.0856,46.4408],[6.0746,46.4322],[6.0739,46.4284],[6.0706,46.4255],[6.0639,46.4164],[6.0676,46.4149],[6.0976,46.409],[6.1001,46.4047],[6.1057,46.3994],[6.113,46.3999],[6.1347,46.3887],[6.1497,46.3775],[6.1605,46.3787],[6.1611,46.3749],[6.1659,46.3719],[6.1699,46.3661],[6.1615,46.3599],[6.1575,46.3528],[6.1577,46.3499],[6.1521,46.3465],[6.1494,46.3427],[6.1406,46.3403],[6.1379,46.3387],[6.1392,46.3348],[6.1315,46.3241],[6.1269,46.3212],[6.1261,46.3177],[6.1203,46.312],[6.1206,46.3061],[6.119,46.3032],[6.1213,46.3008],[6.1209,46.2971],[6.1166,46.294],[6.1133,46.2941],[6.1116,46.2915],[6.1024,46.2849],[6.1051,46.283],[6.1048,46.2782],[6.1085,46.2747],[6.1135,46.2726],[6.1099,46.2706],[6.1181,46.2634],[6.1225,46.2582],[6.1208,46.255],[6.1245,46.2513],[6.1208,46.248],[6.1088,46.2399],[6.1069,46.2412],[6.1015,46.2376],[6.0907,46.2451],[6.0844,46.247],[6.0738,46.2423],[6.0673,46.2418],[6.0633,46.2458],[6.0604,46.245],[6.0521,46.2382],[6.0461,46.2314],[6.0337,46.2386],[6.0255,46.2332],[6.0174,46.2316],[6.0081,46.2264],[6.0071,46.2238],[6,46.22],[5.998,46.2221],[5.9929,46.223],[5.9902,46.2217],[5.9937,46.2173],[5.9928,46.2152],[5.9841,46.2172],[5.9792,46.2173],[5.9746,46.215],[5.9693,46.2067],[5.9734,46.2026],[5.9647,46.1988],[5.9637,46.197],[5.9828,46.1908],[5.9838,46.1889],[5.9922,46.1865],[5.9946,46.1813],[5.9904,46.1776],[5.9888,46.1718],[5.9829,46.1738],[5.9809,46.1711],[5.9799,46.1659],[5.9765,46.162],[5.9731,46.156],[5.9689,46.1519],[5.9642,46.1445],[5.9664,46.1388],[5.9651,46.1366],[5.9582,46.1339],[5.9475,46.1283],[5.9326,46.129],[5.9293,46.128],[5.9226,46.1314],[5.9192,46.1309],[5.9043,46.1202],[5.893,46.1191],[5.8858,46.109],[5.8856,46.1068],[5.893,46.0994],[5.8935,46.0952],[5.8914,46.0882],[5.8882,46.0861],[5.8815,46.0852],[5.8717,46.0868],[5.863,46.0852],[5.8569,46.0861],[5.8441,46.0954],[5.8414,46.1007],[5.8318,46.1062],[5.8245,46.1039],[5.8226,46.101],[5.8237,46.0979],[5.8224,46.0901],[5.8175,46.086],[5.8151,46.0803],[5.8122,46.0796],[5.8079,46.065],[5.8079,46.0616],[5.81,46.0592],[5.8143,46.058],[5.8147,46.056],[5.812,46.0508],[5.8076,46.0459],[5.8068,46.0431],[5.8089,46.0385],[5.8089,46.0325],[5.8119,46.0277],[5.812,46.0233],[5.8054,46.014],[5.8104,46.0095],[5.8092,46.0061],[5.8103,45.9982],[5.8094,45.9895],[5.8164,45.9837],[5.8219,45.9817],[5.8315,45.9754],[5.8339,45.9703],[5.8324,45.9606],[5.835,45.9514],[5.833,45.9497],[5.8321,45.9437],[5.8292,45.9383],[5.8263,45.9361],[5.8227,45.9307],[5.8226,45.927],[5.8284,45.9207],[5.8296,45.917],[5.8291,45.9131],[5.8258,45.9025],[5.8088,45.8625],[5.8034,45.8552],[5.7972,45.8311],[5.7889,45.8267],[5.7849,45.8182],[5.7844,45.8138],[5.787,45.8095],[5.7869,45.8058],[5.7849,45.7972],[5.7836,45.7856],[5.7805,45.7796],[5.7804,45.7773],[5.7834,45.7737],[5.7819,45.7663],[5.7793,45.7618],[5.7808,45.7568],[5.784,45.752],[5.7835,45.7445],[5.7805,45.7427],[5.7735,45.7425],[5.7697,45.7412],[5.7715,45.737],[5.7766,45.7292],[5.7747,45.7241],[5.7662,45.7212],[5.7631,45.7186],[5.7583,45.7108],[5.7556,45.7081],[5.7475,45.7051],[5.7434,45.7063],[5.7391,45.7099],[5.7313,45.71],[5.7215,45.7079],[5.715,45.7084],[5.7065,45.7111],[5.7,45.7097],[5.6993,45.7068],[5.7008,45.702],[5.7059,45.6957],[5.7095,45.6883],[5.708,45.684],[5.704,45.6783],[5.6849,45.6657],[5.6844,45.6615],[5.6888,45.648],[5.6879,45.6437],[5.6848,45.6407],[5.6755,45.6382],[5.6597,45.6385],[5.6519,45.6364],[5.6492,45.6339],[5.6483,45.6274],[5.6458,45.6243],[5.6415,45.6241],[5.637,45.6219],[5.6363,45.6149],[5.6314,45.6112],[5.6219,45.6118],[5.6241,45.6065],[5.6243,45.602],[5.6312,45.5982],[5.6405,45.586],[5.6455,45.5841],[5.6461,45.5779],[5.65,45.5761],[5.6533,45.5707],[5.6579,45.5694],[5.6622,45.5652],[5.6668,45.5654],[5.6741,45.5588],[5.6701,45.5568],[5.6702,45.5545],[5.675,45.5526],[5.6731,45.5506],[5.6722,45.546],[5.6797,45.5465],[5.6813,45.5408],[5.6901,45.539],[5.6913,45.5328],[5.6911,45.5279],[5.6925,45.5239],[5.6911,45.5219],[5.7009,45.5177],[5.7038,45.5129],[5.7004,45.5088],[5.7073,45.5093],[5.7134,45.5063],[5.7099,45.5021],[5.7147,45.4982],[5.715,45.4912],[5.7193,45.4873],[5.7189,45.4843],[5.7258,45.4783],[5.7334,45.475],[5.7362,45.4718],[5.7334,45.4665],[5.7356,45.4583],[5.732,45.4525],[5.7354,45.4462],[5.7382,45.4432],[5.7399,45.437],[5.7491,45.4368],[5.7535,45.4347],[5.7605,45.4356],[5.7626,45.4393],[5.7666,45.4407],[5.7712,45.4396],[5.7812,45.4421],[5.7865,45.4389],[5.7912,45.4399],[5.7976,45.4385],[5.7972,45.4354],[5.8038,45.4313],[5.8074,45.4264],[5.8115,45.4257],[5.8198,45.4212],[5.8245,45.4223],[5.8359,45.4205],[5.8399,45.4184],[5.8469,45.4166],[5.8539,45.4175],[5.8551,45.4139],[5.8609,45.4094],[5.866,45.4094],[5.8805,45.407],[5.8852,45.403],[5.8902,45.401],[5.8915,45.3983],[5.8914,45.3907],[5.8947,45.3895],[5.9004,45.3925],[5.9065,45.3905],[5.91,45.3905],[5.9104,45.3934],[5.9137,45.3993],[5.9253,45.4113],[5.9283,45.4164],[5.9269,45.4178],[5.9212,45.416],[5.9169,45.4124],[5.9088,45.408],[5.9032,45.4079],[5.9023,45.4158],[5.9009,45.4183],[5.904,45.4258],[5.9055,45.4331],[5.9108,45.4341],[5.9145,45.4362],[5.9155,45.4394],[5.921,45.4436],[5.9194,45.448],[5.9226,45.4533],[5.9228,45.457],[5.9257,45.4638],[5.9247,45.4674],[5.9194,45.4688],[5.9155,45.4766],[5.9528,45.4847],[5.9661,45.4923],[5.9752,45.4916],[5.9767,45.4885],[5.9826,45.487],[5.984,45.4798],[5.9905,45.4757],[5.9978,45.4738],[6.0095,45.4736],[6.0108,45.4678],[6.0075,45.4592],[6.0111,45.4582],[6.0085,45.4536],[6.026,45.4471],[6.0496,45.4379],[6.0598,45.4434],[6.0651,45.4445],[6.0849,45.4429],[6.0922,45.4443],[6.0967,45.4416],[6.0936,45.4363],[6.0947,45.4316],[6.1,45.4323],[6.1104,45.4354],[6.1166,45.4382],[6.1223,45.4391],[6.129,45.4364],[6.1338,45.4326],[6.1335,45.4292],[6.1353,45.4259],[6.1398,45.4235],[6.1424,45.417],[6.1447,45.4139],[6.1549,45.4094],[6.162,45.4046],[6.1659,45.4007],[6.1776,45.3934],[6.1809,45.3848],[6.183,45.3832],[6.1864,45.3738],[6.1919,45.3694],[6.1885,45.366],[6.1803,45.3604],[6.17,45.3595],[6.1711,45.3571],[6.1759,45.3552],[6.1842,45.3557],[6.1881,45.3535],[6.1915,45.354],[6.1948,45.3522],[6.1914,45.3474],[6.1903,45.3408],[6.1924,45.3382],[6.185,45.3301],[6.185,45.3249],[6.1865,45.3197],[6.1827,45.3176],[6.1789,45.3178],[6.1668,45.3132],[6.1561,45.3123],[6.1539,45.3113],[6.1541,45.3043],[6.1454,45.2988],[6.1376,45.2908],[6.1319,45.2883],[6.1307,45.2849],[6.131,45.28],[6.1338,45.277],[6.1331,45.2706],[6.1394,45.2666],[6.141,45.2613],[6.1392,45.2564],[6.1317,45.2505],[6.1304,45.2465],[6.1257,45.2443],[6.1278,45.2397],[6.1272,45.2315],[6.1345,45.2267],[6.1417,45.223],[6.1426,45.2188],[6.1384,45.2166],[6.1376,45.2137],[6.1444,45.209],[6.1568,45.2049],[6.1599,45.201],[6.1619,45.1884],[6.1596,45.1845],[6.1608,45.1817],[6.1562,45.1785],[6.1539,45.1734],[6.1539,45.1686],[6.1494,45.168],[6.1454,45.1644],[6.1486,45.1602],[6.1438,45.1546],[6.1575,45.1509],[6.1613,45.151],[6.166,45.1543],[6.169,45.1541],[6.1744,45.1616],[6.1808,45.1648],[6.1972,45.1611],[6.212,45.1549],[6.2155,45.1526],[6.2189,45.1453],[6.224,45.1412],[6.2299,45.1431],[6.2362,45.1464],[6.2489,45.1497],[6.2523,45.1489],[6.2588,45.1455],[6.2656,45.1399],[6.2657,45.1355],[6.2612,45.1322],[6.2606,45.1268],[6.2667,45.1245],[6.2696,45.1197],[6.2767,45.1149],[6.2826,45.1141],[6.2863,45.1102],[6.2936,45.1085],[6.3019,45.109],[6.3104,45.1116],[6.3173,45.112],[6.327,45.1157],[6.3323,45.1187],[6.3342,45.1229],[6.3379,45.1207],[6.3399,45.1161],[6.346,45.1153],[6.3555,45.1082],[6.3628,45.1051],[6.3657,45.101],[6.367,45.0962],[6.3713,45.0908],[6.3724,45.0854],[6.3747,45.0832],[6.3649,45.0702],[6.3749,45.0675],[6.3794,45.0675],[6.384,45.064],[6.3885,45.064],[6.3963,45.0611],[6.4038,45.0648],[6.4108,45.064],[6.4228,45.0601],[6.4317,45.0637],[6.4386,45.0626],[6.4434,45.0551],[6.4477,45.0527],[6.4535,45.0518],[6.4578,45.054],[6.4629,45.0541],[6.4741,45.0562],[6.4862,45.0561],[6.4872,45.06],[6.4866,45.0651],[6.4896,45.0677],[6.4879,45.074],[6.4831,45.0772],[6.487,45.0799],[6.4849,45.0869],[6.4805,45.0908],[6.4805,45.0942],[6.4843,45.0943],[6.4938,45.0999],[6.5031,45.103],[6.5074,45.1052],[6.5104,45.109],[6.5167,45.1055],[6.5217,45.1041],[6.5255,45.1004],[6.5297,45.0986],[6.5392,45.0991],[6.5454,45.1006],[6.551,45.1033],[6.5587,45.104],[6.5613,45.1053],[6.5613,45.1112],[6.5639,45.1138],[6.5708,45.1169],[6.5722,45.1196],[6.5764,45.1231],[6.5845,45.1201],[6.5927,45.119],[6.6006,45.1221],[6.6029,45.1198],[6.6155,45.1215],[6.6203,45.1167],[6.6248,45.1153],[6.6272,45.1108],[6.6299,45.1094],[6.6268,45.1049],[6.6275,45.1012],[6.63,45.1007],[6.6332,45.0942],[6.6363,45.094],[6.641,45.0898],[6.6413,45.0866],[6.6469,45.0847],[6.645,45.0757],[6.6549,45.071],[6.6621,45.0717],[6.6619,45.0681],[6.6636,45.0594],[6.6629,45.0554],[6.6588,45.0523],[6.6631,45.0491],[6.6662,45.0483],[6.6703,45.042],[6.665,45.04],[6.6656,45.037],[6.6639,45.034],[6.6709,45.0252],[6.6733,45.0196],[6.6799,45.0206],[6.6828,45.0223],[6.6883,45.0207],[6.7005,45.0211],[6.7069,45.0219],[6.7176,45.0205],[6.7208,45.0219],[6.7258,45.0216],[6.7354,45.018],[6.7427,45.0166],[6.7448,45.0112],[6.7499,45.0041],[6.7512,44.996],[6.7372,44.9936],[6.7379,44.9893],[6.7419,44.9889],[6.7494,44.9851],[6.7501,44.979],[6.7582,44.9732],[6.7632,44.9717],[6.7653,44.9621],[6.7649,44.9596],[6.7593,44.9506],[6.7585,44.9481],[6.754,44.9461],[6.7532,44.9431],[6.7468,44.9391],[6.7577,44.9372],[6.7608,44.9336],[6.7608,44.9305],[6.754,44.932],[6.7536,44.9275],[6.7485,44.9218],[6.7518,44.9172],[6.7504,44.9141],[6.7508,44.9058],[6.76,44.9029],[6.7661,44.9023],[6.7714,44.9035],[6.7786,44.8978],[6.7806,44.8932],[6.7847,44.8893],[6.7921,44.8892],[6.8016,44.8911],[6.7998,44.885],[6.8046,44.8771],[6.8116,44.8751],[6.8179,44.8715],[6.8247,44.8686],[6.8301,44.868],[6.8333,44.864],[6.8385,44.8619],[6.8396,44.86],[6.8452,44.8595],[6.851,44.8577],[6.8541,44.8581],[6.8591,44.8534],[6.8635,44.8506],[6.8702,44.8498],[6.8771,44.8513],[6.885,44.8473],[6.8981,44.8485],[6.9031,44.8481],[6.9071,44.8442],[6.9132,44.8452],[6.9151,44.8475],[6.9223,44.8512],[6.9268,44.8568],[6.9265,44.8594],[6.9314,44.8637],[6.9371,44.8609],[6.9443,44.8593],[6.9507,44.8558],[6.9544,44.8556],[6.9574,44.8528],[6.9673,44.8487],[6.9681,44.8472],[6.9765,44.8457],[6.9812,44.8468],[6.9964,44.842],[7.0014,44.8424],[7.0066,44.8398],[7.0063,44.8364],[7.0121,44.8251],[7.0202,44.8247],[7.0232,44.8213],[7.0207,44.8203],[7.0195,44.8127],[7.0146,44.8097],[7.0125,44.8043],[7.0093,44.8017],[7.0088,44.796],[7.0009,44.7922],[6.9996,44.7897],[7.0038,44.7863],[7.0115,44.7838],[7.0152,44.7789],[7.019,44.7766],[7.022,44.7707],[7.0201,44.768],[7.0242,44.7638],[7.0247,44.7569],[7.0218,44.7547],[7.0212,44.7515],[7.0265,44.7446],[7.0235,44.74],[7.0288,44.7352],[7.0294,44.73],[7.0352,44.7259],[7.0402,44.7199],[7.0542,44.7149],[7.0658,44.7135],[7.065,44.7084],[7.0676,44.7053],[7.0677,44.7026],[7.0709,44.6983],[7.0756,44.6896],[7.0747,44.6877],[7.0771,44.681],[7.0699,44.6798],[7.0596,44.6801],[7.0538,44.6829],[7.0474,44.6831],[7.0372,44.6893],[7.0291,44.6917],[7.024,44.6915],[7.0182,44.6892],[7.0093,44.6886],[7.0038,44.6871],[6.9997,44.6906],[6.987,44.6897],[6.983,44.6851],[6.9778,44.6835],[6.9712,44.6772],[6.9636,44.6783],[6.9592,44.6745],[6.9575,44.6702],[6.9595,44.6629],[6.9514,44.6588],[6.9476,44.6539],[6.9514,44.6487],[6.9539,44.642],[6.9528,44.6381],[6.9594,44.6314],[6.9623,44.6264],[6.9662,44.6253],[6.9683,44.6196],[6.9642,44.6188],[6.96,44.6212],[6.9497,44.6196],[6.9485,44.6172],[6.9505,44.6132],[6.9503,44.6099],[6.9463,44.6063],[6.938,44.6038],[6.9383,44.5993],[6.9338,44.5969],[6.9327,44.5929],[6.9336,44.5867],[6.9311,44.5813],[6.9335,44.5762],[6.9329,44.5731],[6.9202,44.5694],[6.9125,44.5688],[6.9158,44.5591],[6.9065,44.5574],[6.902,44.5538],[6.8989,44.5555],[6.8923,44.5549],[6.8904,44.5523],[6.8825,44.5524],[6.8787,44.5544],[6.8759,44.5508],[6.877,44.5467],[6.8722,44.5458],[6.8721,44.5436],[6.8685,44.5363],[6.8587,44.5347],[6.8555,44.532],[6.8552,44.5266],[6.8577,44.5216],[6.8562,44.5167],[6.8595,44.5098],[6.8581,44.5071],[6.8608,44.5046],[6.8616,44.5003],[6.8643,44.4988],[6.8654,44.4952],[6.8717,44.4908],[6.8768,44.4887],[6.8772,44.4842],[6.8758,44.4823],[6.8801,44.4798],[6.8831,44.4763],[6.8917,44.4719],[6.9024,44.4701],[6.9064,44.4676],[6.9078,44.4606],[6.9121,44.4537],[6.9112,44.4524],[6.9212,44.4456],[6.9321,44.4422],[6.9389,44.437],[6.9395,44.434],[6.9442,44.4326],[6.9482,44.4297],[6.9464,44.4271],[6.9337,44.43],[6.933,44.4251],[6.9224,44.4233],[6.918,44.4276],[6.907,44.423],[6.9028,44.4204],[6.8991,44.4223],[6.8925,44.4198],[6.8943,44.4132],[6.8939,44.4101],[6.8974,44.4069],[6.8949,44.4025],[6.8944,44.3978],[6.8969,44.3951],[6.8947,44.3888],[6.896,44.3831],[6.8951,44.3796],[6.8967,44.3756],[6.894,44.3692],[6.8879,44.3673],[6.8874,44.3613],[6.8835,44.3596],[6.8773,44.3547],[6.8715,44.3528],[6.8679,44.3496],[6.8559,44.343],[6.8516,44.346],[6.8459,44.3456],[6.8401,44.3466],[6.8372,44.3428],[6.8319,44.3404],[6.8302,44.3378],[6.8224,44.3327],[6.8155,44.3319],[6.8125,44.3326],[6.8084,44.33],[6.8065,44.325],[6.8067,44.322],[6.7962,44.3161],[6.7946,44.3121],[6.7964,44.2985],[6.7902,44.2948],[6.7866,44.2879],[6.7884,44.2854],[6.788,44.2784],[6.7903,44.2723],[6.7863,44.2731],[6.7773,44.2768],[6.7705,44.2769],[6.7663,44.2787],[6.7625,44.2785],[6.7581,44.2744],[6.7588,44.2713],[6.7573,44.2678],[6.7591,44.2621],[6.7533,44.2598],[6.7484,44.2598],[6.7412,44.258],[6.7382,44.2532],[6.724,44.2499],[6.7257,44.2426],[6.7239,44.2406],[6.7217,44.2345],[6.7258,44.2304],[6.7251,44.2259],[6.7183,44.222],[6.7141,44.2182],[6.7183,44.2107],[6.7161,44.2052],[6.7064,44.2014],[6.7052,44.1958],[6.7009,44.1932],[6.6981,44.1898],[6.7026,44.1844],[6.7019,44.1782],[6.6993,44.1755],[6.6938,44.1735],[6.6881,44.1695],[6.6871,44.1671],[6.692,44.1623],[6.6999,44.1566],[6.6981,44.1494],[6.7019,44.1478],[6.7079,44.1421],[6.7045,44.1403],[6.7053,44.1317],[6.707,44.1297],[6.7076,44.1245],[6.7108,44.1217],[6.7176,44.1202],[6.7204,44.1157],[6.7257,44.1101],[6.732,44.1049],[6.7356,44.1036],[6.7435,44.0954],[6.7446,44.0909],[6.7496,44.0867],[6.7511,44.0828],[6.7554,44.0796],[6.7502,44.0689],[6.7473,44.0643],[6.7479,44.0577],[6.7458,44.0513],[6.7451,44.0446],[6.7465,44.0415],[6.755,44.0367],[6.761,44.0316],[6.7635,44.0309],[6.7762,44.0238],[6.7832,44.022],[6.7885,44.0236],[6.7893,44.0202],[6.7923,44.0177],[6.7959,44.0072],[6.8043,44.0027],[6.8074,44.0026],[6.8109,43.9995],[6.8184,43.9986],[6.8203,43.9967],[6.8267,43.9937],[6.8388,43.9897],[6.8344,43.9833],[6.8377,43.9806],[6.8457,43.9783],[6.8447,43.9741],[6.8475,43.9718],[6.8481,43.9652],[6.847,43.9628],[6.8479,43.9542],[6.8588,43.9549],[6.8682,43.9543],[6.8755,43.9528],[6.8744,43.9487],[6.8756,43.9453],[6.8798,43.9417],[6.881,43.9381],[6.8842,43.9353],[6.8949,43.928],[6.9,43.9268],[6.9092,43.9293],[6.9131,43.9281],[6.9146,43.9236],[6.9192,43.9227],[6.9278,43.9128],[6.9294,43.9097],[6.9363,43.9077],[6.9427,43.9029],[6.9439,43.8996],[6.9421,43.8971],[6.9388,43.897],[6.9357,43.8912],[6.9372,43.8838],[6.9364,43.8798],[6.9398,43.8777],[6.9463,43.8763],[6.95,43.8685],[6.9506,43.8648],[6.9567,43.8649],[6.9658,43.8674],[6.972,43.8661],[6.9722,43.8686],[6.9841,43.8747],[6.9879,43.874],[6.9901,43.8758],[7.0024,43.8729],[7.0054,43.8729],[7.0098,43.8665],[7.0145,43.866],[7.018,43.8628],[7.019,43.8583],[7.023,43.8576],[7.0289,43.8589],[7.0329,43.8564],[7.0442,43.8547],[7.0517,43.8557],[7.0556,43.8549],[7.0678,43.8544],[7.0761,43.8559],[7.0794,43.8547],[7.0882,43.8559],[7.0885,43.8577],[7.094,43.8592],[7.0959,43.8617],[7.1007,43.8607],[7.1043,43.8624],[7.1094,43.8603],[7.1135,43.8551],[7.1164,43.8535],[7.1211,43.8555],[7.1282,43.8513],[7.1304,43.8456],[7.1334,43.8466],[7.1408,43.8414],[7.143,43.8453],[7.148,43.8475],[7.151,43.8457],[7.1568,43.8464],[7.1614,43.8432],[7.1654,43.8431],[7.1736,43.837],[7.1767,43.8322],[7.185,43.8224],[7.186,43.8146],[7.1877,43.8117],[7.1945,43.8052],[7.2136,43.7888],[7.216,43.7826],[7.2149,43.7762],[7.2093,43.7692],[7.1973,43.7592],[7.1902,43.751],[7.1877,43.7494],[7.1839,43.7446],[7.1824,43.7405],[7.1823,43.7346],[7.1869,43.702],[7.1874,43.693],[7.19,43.6845],[7.1989,43.6637],[7.2001,43.6579],[7.197,43.6568],[7.1931,43.6578],[7.1805,43.6562],[7.1742,43.656],[7.168,43.6574],[7.1556,43.6527],[7.151,43.6494],[7.1428,43.6405],[7.1402,43.6363],[7.1368,43.6365],[7.1366,43.6315],[7.1327,43.6241],[7.1286,43.6138],[7.1264,43.6049],[7.1256,43.5938],[7.13,43.5899],[7.1225,43.5848],[7.129,43.5824],[7.1252,43.5738],[7.1317,43.5691],[7.1394,43.5701],[7.1376,43.5657],[7.1392,43.563],[7.1353,43.5583],[7.1358,43.5546],[7.1426,43.5549],[7.1417,43.5513],[7.1364,43.5449],[7.1303,43.5439],[7.128,43.5467],[7.1204,43.5455],[7.1173,43.5484],[7.1222,43.5526],[7.1216,43.5597],[7.1182,43.5606],[7.1123,43.5674],[7.1006,43.5709],[7.0881,43.5702],[7.0759,43.5662],[7.0681,43.5623],[7.0548,43.5475],[7.0483,43.5468],[7.04,43.5412],[7.0366,43.5378],[7.0331,43.5393],[7.0342,43.5425],[7.0324,43.5461],[7.0265,43.5489],[7.0165,43.551],[7.0123,43.5505],[7.0115,43.5476],[7.002,43.5488],[6.988,43.5487],[6.9785,43.5472],[6.9683,43.5444],[6.9599,43.5406],[6.9502,43.5332],[6.9502,43.5281],[6.9453,43.526],[6.9414,43.5217],[6.9416,43.5196],[6.9373,43.5142],[6.9376,43.5098],[6.9462,43.5061],[6.9536,43.5063],[6.9564,43.5015],[6.9546,43.4966],[6.9508,43.4965],[6.9493,43.4924],[6.9458,43.4909],[6.948,43.4883],[6.9476,43.4853],[6.9373,43.485],[6.9308,43.4837],[6.9324,43.477],[6.9269,43.4748],[6.9237,43.4705],[6.9246,43.4637],[6.9218,43.4594],[6.9216,43.4513],[6.9181,43.4479],[6.9069,43.446],[6.8997,43.4406],[6.8938,43.4348],[6.8944,43.4305],[6.8899,43.4282],[6.8847,43.4271],[6.8825,43.4286],[6.879,43.4263],[6.8736,43.4269],[6.8686,43.43],[6.8654,43.434],[6.8604,43.4337],[6.8572,43.432],[6.8593,43.4286],[6.858,43.424],[6.8596,43.4214],[6.8598,43.4155],[6.8561,43.4121],[6.8497,43.412],[6.845,43.4157],[6.8273,43.4175],[6.8177,43.4156],[6.8079,43.413],[6.8064,43.4145],[6.7994,43.4127],[6.7943,43.4124],[6.7943,43.4102],[6.7901,43.4085],[6.7839,43.4092],[6.7823,43.4126],[6.7697,43.4196],[6.7657,43.424],[6.7582,43.4234],[6.7467,43.4186],[6.7402,43.4134],[6.7356,43.4085],[6.731,43.4011],[6.7315,43.3995],[6.7282,43.3929],[6.7323,43.3901],[6.727,43.3848],[6.726,43.3816],[6.7205,43.3788],[6.7216,43.3756],[6.7187,43.3745],[6.714,43.3705],[6.7142,43.3639],[6.7175,43.3613],[6.719,43.3571],[6.7129,43.3529],[6.7157,43.3518],[6.7163,43.3476],[6.7118,43.3449],[6.7028,43.3443],[6.6945,43.3407],[6.6925,43.3417],[6.6811,43.3409],[6.6779,43.3384],[6.6725,43.3362],[6.6693,43.3334],[6.6679,43.3278],[6.6652,43.3249],[6.6659,43.3183],[6.6706,43.3141],[6.6697,43.3125],[6.6591,43.3139],[6.6447,43.3062],[6.6389,43.3078],[6.6336,43.3069],[6.6276,43.3038],[6.6242,43.2958],[6.621,43.2964],[6.6152,43.2941],[6.6132,43.2921],[6.6008,43.2851],[6.5901,43.2826],[6.5851,43.279],[6.5828,43.2755],[6.5762,43.2742],[6.5748,43.2727],[6.5779,43.2681],[6.5826,43.2669],[6.588,43.2637],[6.5928,43.2625],[6.599,43.2637],[6.6031,43.2625],[6.6125,43.2645],[6.6152,43.2638],[6.6225,43.2648],[6.6253,43.2671],[6.6287,43.2671],[6.6392,43.2739],[6.6459,43.2739],[6.6479,43.2708],[6.6537,43.2703],[6.6568,43.2676],[6.6631,43.2648],[6.6674,43.2662],[6.6696,43.2684],[6.6692,43.2761],[6.6772,43.2784],[6.684,43.2736],[6.6892,43.2727],[6.6957,43.2667],[6.6957,43.2616],[6.6937,43.2611],[6.6906,43.2563],[6.6911,43.2527],[6.6852,43.2514],[6.6789,43.2474],[6.6765,43.2447],[6.6698,43.246],[6.667,43.2447],[6.6643,43.2412],[6.6634,43.2371],[6.6623,43.2258],[6.6628,43.2171],[6.6649,43.2111],[6.6694,43.2095],[6.6695,43.2063],[6.6773,43.2035],[6.6812,43.2001],[6.6696,43.1953],[6.6641,43.1947],[6.6601,43.1965],[6.6526,43.1923],[6.6505,43.1892],[6.6442,43.1879],[6.6419,43.1859],[6.6434,43.183],[6.6401,43.18],[6.6413,43.1758],[6.6396,43.1723],[6.6324,43.172],[6.6276,43.1688],[6.6263,43.1662],[6.6221,43.1646],[6.6227,43.1595],[6.6183,43.1594],[6.6178,43.1626],[6.6104,43.1681],[6.6075,43.1732],[6.6046,43.1755],[6.602,43.1822],[6.5922,43.1858],[6.5751,43.1877],[6.57,43.1868],[6.5623,43.1891],[6.5524,43.1873],[6.5412,43.1824],[6.5361,43.1781],[6.5336,43.1724],[6.5398,43.1705],[6.5394,43.1683],[6.5338,43.1637],[6.5281,43.1644],[6.5246,43.1663],[6.5121,43.1589],[6.5093,43.1586],[6.5086,43.1554],[6.5043,43.1557],[6.4988,43.1541],[6.4937,43.1514],[6.4885,43.1531],[6.4863,43.1514],[6.4787,43.1559],[6.4725,43.1543],[6.4682,43.1547],[6.4664,43.1574],[6.4613,43.1572],[6.4562,43.1548],[6.4537,43.1557],[6.4472,43.1518],[6.4486,43.1491],[6.442,43.1435],[6.4372,43.1494],[6.43,43.1517],[6.4252,43.151],[6.4184,43.1475],[6.4131,43.1496],[6.4105,43.1484],[6.403,43.1494],[6.3992,43.1471],[6.3979,43.1442],[6.394,43.1455],[6.3894,43.144],[6.3866,43.145],[6.3832,43.1433],[6.3814,43.1391],[6.3739,43.1367],[6.3696,43.1375],[6.3657,43.1332],[6.3629,43.1227],[6.3601,43.1203],[6.3594,43.1161],[6.3612,43.1128],[6.3587,43.1082],[6.3598,43.1051],[6.3667,43.1034],[6.3679,43.099],[6.3638,43.0934],[6.3644,43.0865],[6.3594,43.0893],[6.3485,43.0885],[6.3459,43.0909],[6.3418,43.089],[6.3282,43.0932],[6.3248,43.0929],[6.3249,43.099],[6.3196,43.1021],[6.3149,43.1072],[6.3083,43.1085],[6.3028,43.108],[6.2963,43.1104],[6.295,43.1086],[6.29,43.1069],[6.2864,43.1107],[6.2886,43.1126],[6.2865,43.1157],[6.2791,43.1167],[6.2761,43.1207],[6.2614,43.1213],[6.2403,43.1136],[6.2298,43.1134],[6.2214,43.1151],[6.2071,43.1165],[6.2012,43.1161],[6.1953,43.1132],[6.1914,43.1102],[6.1821,43.1083],[6.1733,43.1004],[6.1692,43.0986],[6.1628,43.0919],[6.1585,43.0857],[6.1549,43.0783],[6.1505,43.0645],[6.1494,43.0565],[6.1495,43.0505],[6.1518,43.038],[6.1531,43.0355],[6.1619,43.0341],[6.1688,43.0354],[6.1703,43.033],[6.1604,43.0303],[6.1581,43.0285],[6.1504,43.028],[6.1487,43.027],[6.1423,43.0297],[6.1374,43.0307],[6.1343,43.0364],[6.1313,43.0349],[6.1199,43.0326],[6.1141,43.0354],[6.1065,43.0303],[6.1032,43.0309],[6.096,43.0282],[6.0978,43.0327],[6.0935,43.0337],[6.0922,43.0358],[6.094,43.0406],[6.1064,43.0409],[6.1104,43.0398],[6.1194,43.039],[6.1258,43.0408],[6.1296,43.044],[6.1321,43.0487],[6.1329,43.0567],[6.1308,43.0649],[6.1259,43.078],[6.114,43.0838],[6.109,43.0841],[6.0999,43.0834],[6.0866,43.0873],[6.0771,43.0877],[6.0743,43.084],[6.0706,43.0852],[6.068,43.0832],[6.0629,43.0834],[6.0506,43.0792],[6.0378,43.0791],[6.0315,43.0776],[6.0267,43.079],[6.0216,43.0785],[6.0168,43.0836],[6.0214,43.086],[6.0248,43.0921],[6.0233,43.095],[6.0186,43.0987],[6.0145,43.0983],[6.0127,43.1012],[6.006,43.1041],[5.999,43.1052],[5.9885,43.1048],[5.9851,43.1069],[5.9815,43.1065],[5.9731,43.1075],[5.9683,43.104],[5.9661,43.1059],[5.9563,43.1083],[5.9525,43.1068],[5.9481,43.1076],[5.9365,43.107],[5.9297,43.1022],[5.9251,43.1032],[5.9337,43.1155],[5.9344,43.1187],[5.9232,43.1233],[5.9195,43.1214],[5.9201,43.1182],[5.9155,43.1177],[5.9113,43.1194],[5.9076,43.1167],[5.911,43.1154],[5.897,43.1132],[5.8949,43.115],[5.8859,43.1164],[5.8874,43.1106],[5.8822,43.1093],[5.8805,43.1052],[5.8824,43.103],[5.8866,43.1035],[5.8953,43.1028],[5.9016,43.1045],[5.9106,43.1002],[5.9073,43.0977],[5.9099,43.0933],[5.9015,43.092],[5.8946,43.0819],[5.9009,43.0792],[5.908,43.0784],[5.913,43.0835],[5.9175,43.0859],[5.9208,43.0845],[5.9245,43.0782],[5.9285,43.0829],[5.938,43.0846],[5.9439,43.0821],[5.9509,43.0769],[5.9515,43.0735],[5.9467,43.0677],[5.9436,43.0667],[5.9367,43.0718],[5.9279,43.0718],[5.926,43.07],[5.9176,43.0683],[5.9112,43.0661],[5.9069,43.0705],[5.9062,43.0731],[5.901,43.0732],[5.8984,43.0748],[5.8983,43.0776],[5.8923,43.0785],[5.8869,43.0774],[5.883,43.0724],[5.8811,43.0731],[5.8753,43.0688],[5.8627,43.0574],[5.8625,43.0521],[5.8601,43.049],[5.857,43.0478],[5.8483,43.0499],[5.8451,43.0479],[5.8395,43.0481],[5.8348,43.0502],[5.8288,43.0495],[5.8272,43.0524],[5.8209,43.0546],[5.8201,43.0596],[5.8172,43.0608],[5.8154,43.064],[5.812,43.0641],[5.8064,43.0676],[5.8039,43.0674],[5.7934,43.0699],[5.7962,43.0744],[5.7996,43.0745],[5.8039,43.0767],[5.8062,43.0803],[5.8054,43.0858],[5.8082,43.0872],[5.8084,43.0905],[5.8114,43.0925],[5.8121,43.0972],[5.8046,43.1003],[5.8089,43.1015],[5.8135,43.1056],[5.8135,43.1081],[5.8094,43.1141],[5.8046,43.1149],[5.8007,43.1176],[5.7991,43.115],[5.7912,43.1122],[5.79,43.1158],[5.7763,43.1171],[5.7696,43.1172],[5.7769,43.1229],[5.7735,43.126],[5.7809,43.1295],[5.7797,43.1336],[5.7736,43.1383],[5.7665,43.1391],[5.7616,43.136],[5.7572,43.1361],[5.752,43.1328],[5.7488,43.1358],[5.7463,43.1343],[5.7334,43.1364],[5.7291,43.1351],[5.7237,43.1384],[5.7211,43.1412],[5.7199,43.1473],[5.7166,43.1483],[5.7103,43.1445],[5.705,43.1454],[5.7021,43.1436],[5.6949,43.1438],[5.6947,43.15],[5.6861,43.1551],[5.6824,43.1554],[5.6843,43.1596],[5.6827,43.1608],[5.6907,43.1637],[5.6939,43.1656],[5.6956,43.1698],[5.6943,43.1727],[5.689,43.1783],[5.683,43.1801],[5.6747,43.1779],[5.6682,43.1804],[5.6663,43.1823],[5.66,43.1819],[5.6512,43.1885],[5.6451,43.1878],[5.6431,43.1892],[5.6352,43.1889],[5.6317,43.1869],[5.6249,43.1871],[5.6214,43.186],[5.6126,43.1805],[5.6111,43.1734],[5.6157,43.1696],[5.6111,43.1657],[5.6078,43.1667],[5.6074,43.1605],[5.6047,43.1603],[5.599,43.1635],[5.5939,43.1647],[5.5815,43.1699],[5.5765,43.1726],[5.5727,43.1728],[5.5494,43.1939],[5.5475,43.2014],[5.5497,43.2079],[5.5444,43.2104],[5.5396,43.2096],[5.5383,43.2124],[5.5332,43.2137],[5.5233,43.2068],[5.518,43.205],[5.5133,43.2016],[5.5106,43.198],[5.506,43.1993],[5.5003,43.1972],[5.4943,43.2007],[5.4847,43.2046],[5.4832,43.2062],[5.478,43.2041],[5.4705,43.206],[5.4689,43.209],[5.4644,43.2084],[5.4587,43.2114],[5.4495,43.2099],[5.4439,43.2045],[5.4386,43.2073],[5.4325,43.2075],[5.4286,43.2099],[5.4243,43.2074],[5.425,43.2039],[5.4176,43.2077],[5.4118,43.2091],[5.4079,43.212],[5.4022,43.214],[5.3993,43.2121],[5.3895,43.2121],[5.3875,43.2104],[5.3825,43.2095],[5.3755,43.2099],[5.3688,43.2075],[5.3633,43.2074],[5.3604,43.2093],[5.3571,43.2084],[5.3473,43.2127],[5.3416,43.2128],[5.3418,43.2164],[5.3464,43.2154],[5.3448,43.2218],[5.3499,43.232],[5.356,43.233],[5.3596,43.2355],[5.3635,43.243],[5.3727,43.2452],[5.3743,43.2553],[5.3757,43.2577],[5.3689,43.2659],[5.3705,43.2678],[5.3633,43.2704],[5.3622,43.2737],[5.3531,43.2789],[5.346,43.281],[5.352,43.2879],[5.3548,43.2894],[5.3544,43.2937],[5.3591,43.2948],[5.3614,43.293],[5.3661,43.2925],[5.3737,43.2941],[5.3727,43.2961],[5.363,43.2947],[5.3596,43.2976],[5.3647,43.3121],[5.364,43.3152],[5.3592,43.3155],[5.3567,43.3191],[5.3589,43.3222],[5.3536,43.325],[5.3498,43.3296],[5.3511,43.3348],[5.3453,43.3369],[5.3431,43.3391],[5.3378,43.3396],[5.3411,43.3451],[5.332,43.3502],[5.3232,43.3541],[5.3211,43.3514],[5.3168,43.354],[5.3172,43.3593],[5.3085,43.3616],[5.2958,43.3596],[5.2891,43.3576],[5.2871,43.3552],[5.2809,43.3529],[5.2658,43.3418],[5.2615,43.3412],[5.2586,43.3376],[5.255,43.3382],[5.2515,43.3357],[5.242,43.332],[5.2326,43.3304],[5.2289,43.3287],[5.2235,43.3282],[5.2206,43.3304],[5.214,43.3294],[5.1977,43.3325],[5.1914,43.3297],[5.1859,43.3316],[5.179,43.3314],[5.1779,43.3336],[5.1724,43.3336],[5.1687,43.3282],[5.1633,43.3271],[5.1598,43.3286],[5.1564,43.3276],[5.1533,43.3304],[5.1496,43.3265],[5.1443,43.3268],[5.142,43.3293],[5.139,43.3278],[5.1297,43.3284],[5.1267,43.3299],[5.1181,43.3284],[5.1029,43.3299],[5.096,43.3286],[5.0941,43.3313],[5.0878,43.3327],[5.0818,43.3282],[5.0705,43.329],[5.0709,43.3314],[5.0661,43.3317],[5.0542,43.3246],[5.0484,43.3267],[5.0517,43.3311],[5.0487,43.3322],[5.0469,43.3291],[5.0437,43.3311],[5.0396,43.3289],[5.0318,43.3332],[5.0264,43.3382],[5.0235,43.339],[5.0179,43.3463],[5.0218,43.3466],[5.0213,43.3497],[5.0253,43.3559],[5.0173,43.3578],[5.0173,43.3599],[5.0126,43.3629],[5.0112,43.3681],[5.0083,43.3692],[5.0064,43.3732],[5.0005,43.3757],[5.0002,43.3785],[4.9968,43.3836],[4.9902,43.3862],[4.9913,43.3888],[4.9861,43.3926],[4.9928,43.3957],[4.9947,43.3942],[5.0013,43.3985],[4.9971,43.4024],[5.0179,43.4016],[5.0287,43.4001],[5.0407,43.4007],[5.0508,43.4034],[5.0569,43.4043],[5.0612,43.4006],[5.0684,43.3992],[5.0831,43.399],[5.0924,43.3997],[5.1024,43.4019],[5.1177,43.4045],[5.1181,43.4009],[5.1231,43.3972],[5.1287,43.3975],[5.1352,43.3994],[5.145,43.4036],[5.1536,43.4083],[5.1558,43.4085],[5.1627,43.4126],[5.174,43.4201],[5.1829,43.4267],[5.1916,43.4354],[5.2004,43.4396],[5.2044,43.4423],[5.1951,43.4488],[5.1982,43.4511],[5.2085,43.4438],[5.2128,43.4466],[5.2163,43.4472],[5.2266,43.453],[5.2284,43.4597],[5.2275,43.4627],[5.2299,43.4652],[5.2272,43.4702],[5.2276,43.4724],[5.2244,43.4756],[5.2246,43.4811],[5.2186,43.4881],[5.2118,43.4891],[5.2054,43.4922],[5.191,43.4868],[5.187,43.4847],[5.1852,43.4817],[5.1809,43.4786],[5.1741,43.4757],[5.169,43.4717],[5.1651,43.472],[5.1602,43.4678],[5.1591,43.4645],[5.1535,43.4599],[5.1551,43.4576],[5.152,43.4557],[5.148,43.4586],[5.1422,43.4604],[5.1423,43.4642],[5.1368,43.4698],[5.1336,43.4717],[5.1297,43.4784],[5.1276,43.4798],[5.1224,43.4879],[5.1196,43.4979],[5.1157,43.5017],[5.1133,43.5068],[5.1139,43.5106],[5.118,43.5133],[5.1183,43.5182],[5.1137,43.5232],[5.1092,43.5254],[5.1018,43.5261],[5.0933,43.5251],[5.0785,43.5269],[5.0738,43.5261],[5.0644,43.5279],[5.0587,43.5279],[5.0515,43.5248],[5.0496,43.5223],[5.045,43.5221],[5.042,43.5291],[5.0335,43.5361],[5.0316,43.5396],[5.0333,43.5423],[5.0324,43.5456],[5.029,43.5487],[5.0247,43.5499],[5.0234,43.5554],[5.0166,43.5563],[5.0134,43.5551],[5.0118,43.5516],[5.0117,43.5459],[5.0139,43.539],[5.0132,43.5327],[5.0153,43.5297],[5.0141,43.524],[5.0086,43.5214],[4.9993,43.5082],[4.998,43.498],[5.001,43.4897],[5.0034,43.4861],[5.0027,43.4802],[5.0004,43.4784],[5.0005,43.4742],[5.0026,43.4714],[5.0084,43.4696],[5.0122,43.4706],[5.0283,43.4697],[5.0377,43.4707],[5.0409,43.4702],[5.0488,43.4665],[5.0519,43.4637],[5.0538,43.459],[5.0553,43.4485],[5.0543,43.4407],[5.0557,43.4383],[5.0584,43.4288],[5.0599,43.4269],[5.0611,43.4204],[5.0573,43.4088],[5.0496,43.4064],[5.0462,43.4036],[5.0393,43.4027],[5.0246,43.4027],[4.994,43.4039],[4.989,43.4049],[4.9826,43.4036],[4.9824,43.3989],[4.9735,43.4023],[4.9766,43.4045],[4.9774,43.4074],[4.9744,43.4122],[4.972,43.4132],[4.9733,43.4206],[4.9694,43.4253],[4.9661,43.4266],[4.9489,43.4295],[4.9428,43.4291],[4.9378,43.4321],[4.9292,43.433],[4.9183,43.4309],[4.9103,43.4277],[4.9066,43.4202],[4.8993,43.4169],[4.8932,43.4159],[4.8879,43.412],[4.8865,43.4131],[4.8901,43.4188],[4.8893,43.4201],[4.8959,43.4254],[4.906,43.4292],[4.9015,43.4302],[4.8977,43.4284],[4.8927,43.4282],[4.8879,43.4267],[4.8826,43.4195],[4.8726,43.4326],[4.8672,43.4329],[4.8665,43.4386],[4.8639,43.4455],[4.8602,43.4509],[4.8607,43.454],[4.8499,43.4508],[4.8525,43.4466],[4.8581,43.4423],[4.876,43.4128],[4.8766,43.4106],[4.8707,43.4084],[4.8663,43.4048],[4.8527,43.4136],[4.8513,43.4163],[4.8459,43.4181],[4.8316,43.4272],[4.8283,43.4279],[4.824,43.4245],[4.8315,43.42],[4.8598,43.4016],[4.8544,43.3988],[4.85,43.3988],[4.8418,43.404],[4.8363,43.3988],[4.8389,43.3945],[4.8421,43.396],[4.8481,43.3917],[4.8519,43.3941],[4.8541,43.3906],[4.8508,43.3892],[4.844,43.3885],[4.8384,43.3904],[4.8358,43.3878],[4.812,43.3858],[4.8096,43.3881],[4.8055,43.386],[4.8076,43.3838],[4.8122,43.3848],[4.8354,43.3869],[4.837,43.3856],[4.8452,43.3879],[4.8543,43.3886],[4.8528,43.3836],[4.8498,43.3839],[4.8475,43.3808],[4.8426,43.3782],[4.8413,43.3757],[4.8452,43.3726],[4.8529,43.3748],[4.8582,43.3674],[4.8631,43.3665],[4.8682,43.3672],[4.8735,43.361],[4.8766,43.3595],[4.8775,43.3563],[4.8832,43.3562],[4.8849,43.3583],[4.8827,43.3632],[4.8898,43.3648],[4.8914,43.3678],[4.9031,43.3714],[4.9101,43.3755],[4.9132,43.3826],[4.9169,43.3832],[4.9172,43.3801],[4.9151,43.3766],[4.8996,43.365],[4.8903,43.3586],[4.876,43.3478],[4.869,43.3437],[4.8559,43.333],[4.8516,43.3326],[4.8483,43.334],[4.839,43.3294],[4.835,43.3287],[4.8228,43.3362],[4.8139,43.3396],[4.804,43.3427],[4.7847,43.347],[4.766,43.3493],[4.7522,43.3504],[4.7329,43.3507],[4.7169,43.3502],[4.7059,43.348],[4.6984,43.3488],[4.6857,43.3474],[4.6803,43.3458],[4.6723,43.347],[4.6581,43.3469],[4.6486,43.3496],[4.6311,43.3518],[4.6129,43.3538],[4.5973,43.3567],[4.5814,43.362],[4.5724,43.3661],[4.5638,43.3715],[4.5579,43.3773],[4.5556,43.3831],[4.5573,43.388],[4.5629,43.3922],[4.5661,43.3903],[4.5717,43.3925],[4.5901,43.4025],[4.5929,43.4056],[4.5926,43.411],[4.5904,43.418],[4.586,43.4261],[4.5807,43.4317],[4.5721,43.438],[4.5614,43.4435],[4.5509,43.4475],[4.5339,43.452],[4.5121,43.4552],[4.4919,43.4567],[4.4694,43.4571],[4.4586,43.4571],[4.4496,43.4564],[4.4457,43.4547],[4.4401,43.4548],[4.4264,43.4486],[4.4216,43.4477],[4.413,43.4489],[4.4059,43.4486],[4.4013,43.4472],[4.3958,43.4505],[4.3813,43.4532],[4.3709,43.4539],[4.3614,43.454],[4.3485,43.4552],[4.324,43.4566],[4.2943,43.4576],[4.2861,43.4571],[4.2482,43.4598],[4.2387,43.46],[4.2209,43.462],[4.1903,43.4666],[4.1708,43.4712],[4.1645,43.4734],[4.1475,43.4777],[4.1373,43.482],[4.1305,43.4863],[4.1247,43.4911],[4.1216,43.4947],[4.1129,43.5076],[4.1113,43.5091],[4.1216,43.5108],[4.1227,43.5187],[4.1259,43.5196],[4.1262,43.5156],[4.127,43.5134],[4.1297,43.5121],[4.1337,43.5124],[4.1339,43.516],[4.1408,43.518],[4.1371,43.521],[4.1305,43.5187],[4.1282,43.5231],[4.1352,43.5234],[4.1386,43.5269],[4.1389,43.5314],[4.1361,43.5326],[4.1335,43.5373],[4.126,43.5445],[4.1162,43.5494],[4.1031,43.5539],[4.09,43.5563],[4.086,43.5562],[4.0818,43.5603],[4.0794,43.5555],[4.0681,43.5573],[4.055,43.5576],[4.0458,43.5572],[4.0281,43.5553],[4.0137,43.5532],[3.9826,43.5449],[3.9745,43.5416],[3.9639,43.5387],[3.9475,43.532],[3.9369,43.5288],[3.9299,43.525],[3.9206,43.5223],[3.9169,43.5201],[3.9074,43.5171],[3.8915,43.5095],[3.8652,43.4947],[3.8527,43.4874],[3.8454,43.4827],[3.8327,43.4728],[3.8178,43.4584],[3.817,43.4566],[3.8092,43.4509],[3.8043,43.4463],[3.7972,43.4412],[3.7765,43.4315],[3.7718,43.4309],[3.7529,43.4258],[3.7487,43.424],[3.7462,43.4206],[3.7405,43.422],[3.7279,43.4177],[3.725,43.4161],[3.7254,43.4072],[3.7217,43.409],[3.7132,43.4049],[3.7147,43.3993],[3.7111,43.3986],[3.7092,43.4024],[3.7058,43.4041],[3.7001,43.4026],[3.6996,43.3981],[3.6919,43.3922],[3.682,43.3933],[3.678,43.3913],[3.6736,43.3907],[3.6722,43.3933],[3.6648,43.3933],[3.653,43.3891],[3.6445,43.3845],[3.6243,43.3713],[3.6043,43.357],[3.5707,43.33],[3.556,43.3163],[3.553,43.3143],[3.5372,43.3004],[3.5306,43.2938],[3.5251,43.2874],[3.5239,43.2847],[3.5178,43.2779],[3.5129,43.2748],[3.509,43.2746],[3.5119,43.2789],[3.5146,43.2804],[3.5113,43.2848],[3.5056,43.2811],[3.501,43.2805],[3.4987,43.2772],[3.5042,43.276],[3.5069,43.2732],[3.497,43.2748],[3.4847,43.2743],[3.4816,43.2735],[3.4777,43.2758],[3.473,43.2764],[3.4686,43.275],[3.4641,43.2776],[3.4536,43.2818],[3.447,43.2828],[3.4444,43.2819],[3.4383,43.2875],[3.431,43.29],[3.4151,43.2895],[3.4062,43.2884],[3.3888,43.2846],[3.3698,43.2788],[3.3509,43.272],[3.327,43.2614],[3.3138,43.2552],[3.2977,43.2462],[3.2836,43.241],[3.2664,43.2309],[3.2388,43.2119],[3.2309,43.2081],[3.1994,43.1835],[3.1879,43.1736],[3.1838,43.1693],[3.1791,43.1673],[3.1593,43.149],[3.1448,43.1334],[3.1374,43.1249],[3.129,43.1139],[3.1324,43.1105],[3.1237,43.1095],[3.1183,43.1034],[3.1128,43.0955],[3.1103,43.0931],[3.1021,43.0821],[3.0875,43.0609],[3.0778,43.0445],[3.0701,43.0307],[3.0654,43.0211],[3.066,43.0137],[3.0611,43.0085],[3.0563,42.998],[3.0516,42.9861],[3.0458,42.9681],[3.0407,42.9485],[3.0389,42.9353],[3.04,42.9301],[3.0542,42.926],[3.0548,42.9231],[3.0593,42.9205],[3.0605,42.9171],[3.0557,42.9016],[3.0515,42.8864],[3.0523,42.8839],[3.0502,42.8776],[3.0449,42.8713],[3.0407,42.8721],[3.0313,42.8608],[3.033,42.8569],[3.0371,42.8594],[3.0362,42.8617],[3.0423,42.8658],[3.0433,42.869],[3.0502,42.8707],[3.0463,42.8555],[3.0429,42.8339],[3.0404,42.8148],[3.0388,42.7994],[3.0371,42.7983],[3.04,42.7936],[3.0386,42.7796],[3.0394,42.7777],[3.0384,42.7712],[3.0389,42.7674],[3.038,42.7534],[3.0395,42.7522],[3.0378,42.7311],[3.0404,42.7222],[3.0402,42.7167],[3.0384,42.7046],[3.0323,42.7037],[3.0388,42.701],[3.0376,42.698],[3.0364,42.6884],[3.0343,42.6606],[3.0354,42.6578],[3.0355,42.6432],[3.0363,42.6285],[3.0385,42.6197],[3.0352,42.6178],[3.0374,42.6132],[3.0348,42.6079],[3.0391,42.6072],[3.0379,42.6109],[3.0385,42.6185],[3.0402,42.6185],[3.0415,42.6054],[3.0431,42.602],[3.0455,42.5883],[3.0456,42.58],[3.0469,42.5641],[3.0489,42.5529],[3.0506,42.5472],[3.0567,42.5373],[3.0605,42.5354],[3.0721,42.5354],[3.0819,42.5317],[3.0852,42.529],[3.0851,42.5245],[3.0916,42.5258],[3.0954,42.5236],[3.0997,42.5235],[3.1038,42.5256],[3.1073,42.5257],[3.1081,42.523],[3.1126,42.5227],[3.1142,42.5191],[3.1218,42.5217],[3.1292,42.5186],[3.1389,42.516],[3.1345,42.5144],[3.1311,42.5093],[3.1255,42.5061],[3.1243,42.5027],[3.1333,42.4975],[3.133,42.4912],[3.1275,42.4877],[3.1319,42.4852],[3.1306,42.4817],[3.1342,42.4802],[3.1373,42.4811],[3.1429,42.4805],[3.1457,42.4791],[3.1551,42.4777],[3.1549,42.4705],[3.1625,42.4654],[3.1599,42.4636],[3.1613,42.4595],[3.1653,42.4558],[3.1599,42.4522],[3.1638,42.4497],[3.1688,42.4484],[3.1685,42.4434],[3.1729,42.4412],[3.174,42.4354],[3.1667,42.4351],[3.1635,42.4361],[3.1564,42.4341],[3.1534,42.4358],[3.1448,42.4332],[3.1384,42.4355],[3.133,42.4359],[3.1257,42.4349],[3.1209,42.4379],[3.1076,42.4338],[3.1038,42.4297],[3.1027,42.4266],[3.0989,42.4252],[3.0859,42.4256],[3.0805,42.4284],[3.0775,42.4315],[3.0765,42.4354],[3.07,42.4359],[3.067,42.4426],[3.0583,42.4458],[3.0513,42.4546],[3.0473,42.4569],[3.0467,42.4612],[3.0431,42.4662],[3.0405,42.4735],[3.0318,42.4749],[3.0275,42.4726],[3.0235,42.4722],[3.0163,42.4689],[3.013,42.4664],[3.0035,42.4705],[2.9997,42.4733],[2.9891,42.474],[2.9824,42.4718],[2.9798,42.4674],[2.9761,42.4676],[2.9674,42.4655],[2.9617,42.4711],[2.9601,42.474],[2.9503,42.4782],[2.9474,42.4814],[2.9451,42.4797],[2.938,42.4776],[2.9351,42.4745],[2.9301,42.4723],[2.9272,42.4664],[2.9247,42.464],[2.9247,42.4588],[2.9185,42.4562],[2.9105,42.4575],[2.9046,42.4569],[2.8986,42.4601],[2.8915,42.462],[2.886,42.4598],[2.8817,42.4608],[2.8749,42.4662],[2.8705,42.4674],[2.8634,42.4635],[2.8642,42.4596],[2.8616,42.455],[2.8568,42.4541],[2.8464,42.4577],[2.8391,42.4594],[2.8356,42.4545],[2.8322,42.452],[2.8331,42.4473],[2.8275,42.4393],[2.8246,42.4388],[2.8186,42.4405],[2.8145,42.4381],[2.8086,42.4311],[2.8041,42.4293],[2.801,42.4244],[2.8019,42.4198],[2.8007,42.4184],[2.7907,42.4188],[2.7882,42.4173],[2.7834,42.4173],[2.7786,42.4125],[2.773,42.4129],[2.7705,42.4116],[2.7643,42.417],[2.7598,42.4186],[2.7559,42.4258],[2.7431,42.4251],[2.7394,42.4236],[2.7331,42.4242],[2.7303,42.4226],[2.7242,42.4227],[2.7166,42.4214],[2.7106,42.416],[2.703,42.4113],[2.697,42.4103],[2.6935,42.4067],[2.6867,42.4071],[2.6792,42.4065],[2.6743,42.405],[2.6716,42.4015],[2.6734,42.3996],[2.6714,42.3878],[2.6657,42.3856],[2.6531,42.3886],[2.6523,42.3846],[2.6568,42.3821],[2.6612,42.3773],[2.6628,42.3723],[2.6609,42.366],[2.665,42.3627],[2.6698,42.362],[2.6739,42.359],[2.6761,42.3543],[2.6766,42.3464],[2.6755,42.3424],[2.6698,42.3405],[2.6619,42.3405],[2.6547,42.3414],[2.6507,42.3441],[2.6478,42.3435],[2.6423,42.3446],[2.6345,42.3439],[2.6324,42.3465],[2.623,42.3452],[2.6102,42.3468],[2.6079,42.3486],[2.601,42.3492],[2.6001,42.3516],[2.5922,42.3529],[2.5877,42.3549],[2.5861,42.3574],[2.5781,42.358],[2.554,42.3541],[2.554,42.3463],[2.5526,42.3431],[2.5484,42.3395],[2.5448,42.3401],[2.5417,42.3336],[2.5345,42.3339],[2.5326,42.3329],[2.5262,42.3335],[2.5201,42.3356],[2.5112,42.3375],[2.5102,42.3395],[2.5002,42.3432],[2.4921,42.3428],[2.487,42.3404],[2.4809,42.341],[2.4767,42.345],[2.476,42.3478],[2.4731,42.3492],[2.4719,42.3538],[2.4682,42.357],[2.4663,42.3606],[2.4569,42.3633],[2.4548,42.3698],[2.4475,42.3689],[2.4364,42.3745],[2.4329,42.3779],[2.4332,42.3811],[2.4358,42.3882],[2.4325,42.3936],[2.4288,42.3942],[2.418,42.393],[2.4141,42.3913],[2.402,42.3945],[2.3952,42.3953],[2.3914,42.3968],[2.3875,42.4002],[2.3784,42.4014],[2.3723,42.4004],[2.3661,42.4024],[2.361,42.4027],[2.3491,42.4069],[2.3453,42.4102],[2.3459,42.4154],[2.344,42.4169],[2.3314,42.4155],[2.3244,42.4177],[2.3183,42.4224],[2.3186,42.4251],[2.3116,42.4285],[2.3059,42.4284],[2.3038,42.4257],[2.2986,42.4233],[2.2908,42.4231],[2.2852,42.4278],[2.2787,42.4301],[2.2727,42.4338],[2.2675,42.4336],[2.2614,42.4375],[2.2568,42.4387],[2.2522,42.4366],[2.2516,42.4346],[2.2464,42.4289],[2.2392,42.4282],[2.2358,42.4264],[2.2309,42.4269],[2.2237,42.4257],[2.2197,42.4231],[2.215,42.423],[2.2112,42.4204],[2.2072,42.4196],[2.2065,42.4174],[2.2014,42.4164],[2.1944,42.4184],[2.1868,42.4177],[2.1843,42.4195],[2.1803,42.4182],[2.1738,42.4223],[2.1673,42.4242],[2.1657,42.4227],[2.1597,42.4221],[2.157,42.4234],[2.1542,42.4216],[2.1487,42.4209],[2.1423,42.4162],[2.1384,42.4162],[2.1289,42.4127],[2.1252,42.4094],[2.1227,42.4047],[2.1214,42.3971],[2.1148,42.3945],[2.1146,42.389],[2.1162,42.3832],[2.1126,42.3811],[2.1056,42.3802],[2.0992,42.3767],[2.0895,42.3738]],[[1.9602,42.4704],[1.9566,42.4579],[1.9599,42.4533],[1.9692,42.4519],[1.9839,42.4467],[2.003,42.447],[2.0128,42.4484],[2.0144,42.4518],[2.0105,42.4559],[2.0065,42.4566],[1.9972,42.4608],[1.9918,42.4626],[1.992,42.4657],[1.9867,42.4714],[1.9864,42.4756],[1.9896,42.4775],[1.9927,42.4843],[1.9984,42.4853],[1.9896,42.4937],[1.982,42.495],[1.9785,42.4946],[1.9771,42.4907],[1.9781,42.486],[1.9721,42.4845],[1.9705,42.4805],[1.9631,42.4787],[1.9602,42.4704]],[[-1.1831,43.4415],[-1.167,43.439],[-1.1362,43.4348],[-1.1155,43.4376],[-1.0947,43.4425],[-1.1047,43.4421],[-1.1114,43.4476],[-1.1069,43.4551],[-1.1213,43.4542],[-1.1222,43.4585],[-1.1196,43.4621],[-1.1125,43.4678],[-1.1133,43.4722],[-1.124,43.4815],[-1.1239,43.4844],[-1.1281,43.4857],[-1.1294,43.4923],[-1.133,43.4994],[-1.1368,43.5003],[-1.1397,43.4969],[-1.1386,43.4921],[-1.1394,43.4894],[-1.1458,43.4874],[-1.1483,43.4885],[-1.1507,43.496],[-1.1576,43.4962],[-1.1622,43.4919],[-1.1652,43.4908],[-1.1714,43.4933],[-1.1769,43.4912],[-1.1823,43.4863],[-1.1814,43.4796],[-1.1777,43.4729],[-1.1772,43.4699],[-1.1734,43.4638],[-1.165,43.4591],[-1.1676,43.4557],[-1.1666,43.4503],[-1.1697,43.4488],[-1.1735,43.4512],[-1.1816,43.4485],[-1.1832,43.4462],[-1.1831,43.4415]],[[-1.0841,43.4158],[-1.0793,43.4147],[-1.0761,43.4165],[-1.0625,43.4105],[-1.0571,43.4116],[-1.0532,43.4112],[-1.0483,43.4075],[-1.0434,43.409],[-1.0409,43.4146],[-1.035,43.4187],[-1.0304,43.4196],[-1.0339,43.4229],[-1.0348,43.4269],[-1.0406,43.4312],[-1.0539,43.4303],[-1.0559,43.4332],[-1.0565,43.4374],[-1.061,43.4404],[-1.0581,43.4428],[-1.0649,43.4435],[-1.0694,43.4459],[-1.0722,43.4455],[-1.0728,43.4396],[-1.0755,43.4376],[-1.0838,43.4376],[-1.085,43.435],[-1.0817,43.4318],[-1.094,43.4254],[-1.0889,43.4192],[-1.0841,43.4158]],[[-1.0052,43.4276],[-1.0013,43.4314],[-0.9983,43.4308],[-0.9942,43.4338],[-0.9958,43.4373],[-0.9902,43.4426],[-0.9891,43.4482],[-0.9913,43.4502],[-0.9994,43.4507],[-1.0024,43.453],[-1.0015,43.458],[-1.0054,43.4591],[-1.0059,43.4626],[-1.0095,43.4619],[-1.0133,43.4581],[-1.0147,43.4488],[-1.019,43.4458],[-1.0123,43.4406],[-1.0194,43.4367],[-1.0189,43.4287],[-1.0131,43.428],[-1.0091,43.4296],[-1.0052,43.4276]],[[4.708,44.2131],[4.7098,44.2086],[4.7092,44.2062],[4.7042,44.1995],[4.7058,44.1927],[4.7155,44.1911],[4.7225,44.1873],[4.7197,44.1771],[4.7159,44.1659],[4.719,44.1486],[4.7185,44.1435],[4.7126,44.1362],[4.7115,44.1337],[4.7116,44.127],[4.7103,44.1184],[4.7069,44.1136],[4.7063,44.1064],[4.7078,44.1033],[4.7175,44.0938],[4.7198,44.0898],[4.7201,44.0824],[4.7219,44.0803],[4.7269,44.0783],[4.7313,44.0796],[4.7379,44.0838],[4.7522,44.0883],[4.7602,44.0872],[4.7597,44.0819],[4.7619,44.079],[4.7754,44.083],[4.7765,44.0867],[4.7844,44.0894],[4.7811,44.096],[4.7841,44.1003],[4.7847,44.1083],[4.786,44.1111],[4.7793,44.1219],[4.7705,44.123],[4.7684,44.1265],[4.7647,44.1263],[4.7624,44.1288],[4.7483,44.1355],[4.742,44.1378],[4.7326,44.1391],[4.7287,44.1445],[4.7361,44.1519],[4.7358,44.1555],[4.7414,44.1553],[4.7488,44.157],[4.751,44.1548],[4.7587,44.154],[4.7772,44.1547],[4.7801,44.159],[4.7908,44.1657],[4.7961,44.1702],[4.7965,44.1721],[4.8015,44.1724],[4.8014,44.1766],[4.8074,44.1795],[4.8147,44.1845],[4.8155,44.1877],[4.8204,44.1878],[4.8221,44.1832],[4.821,44.1756],[4.8209,44.166],[4.8253,44.1655],[4.8328,44.1726],[4.839,44.1767],[4.8468,44.1775],[4.8519,44.1759],[4.8483,44.1703],[4.8463,44.1606],[4.8477,44.1532],[4.8516,44.1503],[4.8568,44.1496],[4.8642,44.1474],[4.8709,44.14],[4.873,44.1347],[4.8787,44.134],[4.8804,44.1376],[4.8903,44.1424],[4.8925,44.1468],[4.8978,44.1484],[4.9067,44.1484],[4.9072,44.1555],[4.9158,44.1605],[4.9321,44.1621],[4.9336,44.1698],[4.936,44.1702],[4.9341,44.1796],[4.9389,44.1825],[4.9381,44.1937],[4.9355,44.1985],[4.9471,44.2024],[4.9593,44.2034],[4.9634,44.1978],[4.9709,44.1921],[4.9764,44.1891],[5.0003,44.1869],[5.0019,44.1836],[5.0108,44.1797],[5.0239,44.1809],[5.027,44.1802],[5.0287,44.1833],[5.0316,44.184],[5.0333,44.1885],[5.0396,44.1888],[5.0418,44.1911],[5.0474,44.1902],[5.0505,44.1928],[5.056,44.1921],[5.0626,44.1935],[5.0721,44.1877],[5.0603,44.1807],[5.0571,44.1821],[5.0519,44.1805],[5.0491,44.1775],[5.0395,44.1733],[5.0363,44.1697],[5.0392,44.1685],[5.035,44.1655],[5.0301,44.1643],[5.034,44.1617],[5.0377,44.1624],[5.0394,44.1602],[5.0339,44.1574],[5.039,44.1524],[5.0405,44.1453],[5.0301,44.1408],[5.0247,44.1395],[5.0199,44.1352],[5.0164,44.1345],[4.9953,44.1385],[4.9923,44.1422],[4.9924,44.1478],[4.9956,44.1527],[4.9937,44.1568],[4.9793,44.1631],[4.9694,44.1626],[4.9698,44.1588],[4.9644,44.156],[4.9584,44.1571],[4.9527,44.1514],[4.951,44.1445],[4.9536,44.137],[4.9517,44.1298],[4.9409,44.1269],[4.9342,44.1231],[4.9295,44.1192],[4.9243,44.1115],[4.92,44.1102],[4.9188,44.1064],[4.9151,44.1035],[4.9223,44.0935],[4.926,44.0929],[4.9267,44.087],[4.9312,44.0817],[4.9334,44.0719],[4.9248,44.0725],[4.9156,44.0715],[4.906,44.0731],[4.9002,44.0694],[4.8982,44.0621],[4.887,44.0594],[4.8734,44.0585],[4.8653,44.057],[4.8616,44.0611],[4.8603,44.0657],[4.8558,44.0653],[4.8539,44.0702],[4.8406,44.0764],[4.8393,44.0802],[4.835,44.0813],[4.8275,44.085],[4.8102,44.0866],[4.8006,44.0849],[4.8017,44.0819],[4.7923,44.0731],[4.7923,44.068],[4.7879,44.065],[4.7884,44.0613],[4.7872,44.0554],[4.7895,44.0515],[4.8078,44.0404],[4.8161,44.0322],[4.8189,44.018],[4.8215,44.0163],[4.828,44.0162],[4.8369,44.0151],[4.8419,44.012],[4.8437,44.0086],[4.8443,43.9998],[4.8456,43.9966],[4.8444,43.9893],[4.8427,43.9869],[4.8369,43.9852],[4.8302,43.9855],[4.8189,43.9885],[4.8135,43.9883],[4.8117,43.9865],[4.81,43.9809],[4.81,43.9765],[4.8147,43.9694],[4.8151,43.9666],[4.8106,43.9612],[4.7982,43.9572],[4.7938,43.9545],[4.7886,43.9469],[4.7789,43.9379],[4.7688,43.9338],[4.7615,43.9349],[4.7499,43.9321],[4.7432,43.9281],[4.7393,43.9241],[4.7736,43.9197],[4.8212,43.9129],[4.8531,43.9113],[4.8812,43.9017],[4.8853,43.9],[4.9023,43.8882],[4.9077,43.8865],[4.9252,43.8866],[4.9472,43.8776],[4.9662,43.8718],[4.9754,43.8668],[4.9968,43.8453],[5.0068,43.8392],[5.03,43.8274],[5.0367,43.8184],[5.0412,43.8112],[5.0429,43.8065],[5.0436,43.7953],[5.0449,43.7921],[5.0498,43.7887],[5.0715,43.7798],[5.1383,43.7529],[5.1571,43.7567],[5.1642,43.7593],[5.1684,43.7644],[5.1752,43.7662],[5.1825,43.7666],[5.1923,43.7651],[5.1942,43.7734],[5.198,43.7946],[5.222,43.7919],[5.2278,43.7921],[5.2397,43.7947],[5.2568,43.7993],[5.2555,43.8086],[5.2561,43.8177],[5.2574,43.821],[5.2496,43.8285],[5.2451,43.8397],[5.2404,43.8434],[5.2399,43.8453],[5.2269,43.851],[5.2233,43.8545],[5.2172,43.8569],[5.2101,43.8552],[5.2052,43.8582],[5.2021,43.8564],[5.1937,43.8591],[5.1666,43.8644],[5.1671,43.87],[5.1655,43.8829],[5.1667,43.8855],[5.1651,43.8906],[5.1642,43.9],[5.1657,43.9078],[5.1641,43.9105],[5.1669,43.9235],[5.165,43.9284],[5.166,43.9325],[5.1595,43.9379],[5.1603,43.9504],[5.1656,43.9515],[5.1743,43.9547],[5.1767,43.9531],[5.19,43.9502],[5.1959,43.9503],[5.1951,43.9537],[5.2004,43.9628],[5.207,43.9677],[5.2073,43.9722],[5.2106,43.9763],[5.2105,43.9782],[5.2162,43.9805],[5.2216,43.981],[5.226,43.9844],[5.2392,43.9847],[5.243,43.9889],[5.2526,43.9923],[5.2599,43.9969],[5.2747,43.9948],[5.2785,43.9962],[5.2841,43.9963],[5.287,43.9979],[5.2919,44.0067],[5.2995,44.0136],[5.3057,44.018],[5.3142,44.0223],[5.3147,44.0206],[5.3223,44.0152],[5.3379,44.0124],[5.3495,44.0064],[5.3589,43.9998],[5.3595,43.9959],[5.3688,43.9962],[5.3734,43.9991],[5.3855,44.0019],[5.3899,44.0047],[5.4079,44.0083],[5.4182,44.013],[5.4327,44.0143],[5.4382,44.0156],[5.4408,44.0144],[5.4476,44.0033],[5.4544,44.0014],[5.4565,43.9952],[5.4619,43.9909],[5.4654,43.9767],[5.468,43.9704],[5.4749,43.9645],[5.4745,43.9624],[5.4794,43.9588],[5.479,43.9549],[5.5127,43.9453],[5.5097,43.9506],[5.509,43.9558],[5.5075,43.9574],[5.5129,43.9679],[5.5131,43.9733],[5.5176,43.9876],[5.5176,43.9915],[5.52,43.9954],[5.5244,43.9973],[5.5246,44.0022],[5.5278,44.0071],[5.5358,44.0131],[5.5436,44.0259],[5.5436,44.0364],[5.5442,44.0464],[5.5453,44.0499],[5.5425,44.0612],[5.545,44.0677],[5.5446,44.0699],[5.5388,44.0683],[5.5341,44.0681],[5.5238,44.065],[5.5158,44.0634],[5.5029,44.0641],[5.4985,44.0724],[5.4979,44.0773],[5.4992,44.0836],[5.4988,44.091],[5.5002,44.0937],[5.5004,44.1006],[5.4968,44.1027],[5.4991,44.1053],[5.4989,44.1161],[5.5044,44.1162],[5.5108,44.1209],[5.5115,44.1243],[5.5344,44.1302],[5.5428,44.134],[5.5501,44.1456],[5.5513,44.1498],[5.5695,44.1481],[5.5786,44.152],[5.5833,44.1578],[5.5802,44.1588],[5.5725,44.1639],[5.5686,44.1687],[5.5636,44.1714],[5.5601,44.1677],[5.5556,44.167],[5.5518,44.1688],[5.5491,44.1742],[5.5454,44.1774],[5.5392,44.1798],[5.5349,44.19],[5.5185,44.2057],[5.508,44.2031],[5.5043,44.2038],[5.4981,44.202],[5.4857,44.2002],[5.4817,44.2001],[5.4777,44.2066],[5.4704,44.2041],[5.4573,44.2079],[5.4561,44.2055],[5.4561,44.2],[5.4578,44.1959],[5.4624,44.1909],[5.4708,44.1879],[5.4755,44.1769],[5.4805,44.1761],[5.4853,44.1732],[5.4843,44.1695],[5.4795,44.1693],[5.4606,44.1609],[5.4503,44.1437],[5.4478,44.1369],[5.4426,44.1384],[5.4393,44.1378],[5.4365,44.1402],[5.4376,44.1449],[5.4356,44.1508],[5.4325,44.1525],[5.4277,44.149],[5.4237,44.1492],[5.4169,44.1551],[5.4131,44.1551],[5.4091,44.1532],[5.4022,44.1535],[5.3971,44.1522],[5.3922,44.1525],[5.3857,44.1557],[5.3832,44.1554],[5.3824,44.1604],[5.3844,44.1662],[5.3836,44.1729],[5.3865,44.1777],[5.386,44.1862],[5.3814,44.1917],[5.3805,44.1958],[5.3847,44.2011],[5.3654,44.2099],[5.3589,44.2121],[5.3552,44.2146],[5.3513,44.2118],[5.3445,44.209],[5.3367,44.2034],[5.331,44.2042],[5.3187,44.21],[5.314,44.2082],[5.3041,44.2101],[5.2981,44.2077],[5.2926,44.2144],[5.2861,44.2168],[5.2803,44.22],[5.2775,44.2202],[5.2714,44.2239],[5.2564,44.2302],[5.2498,44.2315],[5.2405,44.2309],[5.2382,44.2134],[5.234,44.2136],[5.2308,44.2119],[5.2267,44.2149],[5.222,44.2131],[5.2155,44.2151],[5.207,44.2139],[5.2009,44.2171],[5.1958,44.2174],[5.1887,44.2202],[5.1814,44.219],[5.1751,44.2207],[5.1674,44.2257],[5.1548,44.2305],[5.1533,44.2332],[5.1494,44.2356],[5.1521,44.2384],[5.1601,44.244],[5.1624,44.25],[5.1623,44.2546],[5.1599,44.257],[5.1596,44.2621],[5.1607,44.2667],[5.1543,44.2674],[5.1485,44.2695],[5.1466,44.2721],[5.1483,44.28],[5.1545,44.285],[5.1587,44.2859],[5.1622,44.2888],[5.1683,44.29],[5.1685,44.2955],[5.1702,44.2994],[5.1692,44.3016],[5.1741,44.3082],[5.1711,44.3095],[5.1702,44.3126],[5.167,44.3149],[5.1506,44.3096],[5.1535,44.307],[5.1549,44.302],[5.15,44.3021],[5.1421,44.2964],[5.1322,44.2931],[5.1252,44.2887],[5.1206,44.2875],[5.1151,44.2842],[5.1078,44.2808],[5.104,44.2801],[5.0985,44.2821],[5.0865,44.284],[5.0837,44.2829],[5.0767,44.284],[5.0708,44.2891],[5.0681,44.2963],[5.0672,44.3011],[5.0605,44.3082],[5.0561,44.3056],[5.0457,44.3015],[5.0249,44.2969],[5.017,44.2927],[5.0111,44.2904],[5.0047,44.2865],[4.997,44.2856],[4.9851,44.2859],[4.9755,44.2822],[4.9675,44.2774],[4.96,44.2743],[4.9427,44.269],[4.9376,44.2661],[4.933,44.2622],[4.9282,44.2625],[4.9224,44.2597],[4.9127,44.2606],[4.9017,44.2602],[4.8998,44.2568],[4.8954,44.2575],[4.9015,44.2641],[4.8975,44.2644],[4.8875,44.2618],[4.8802,44.2615],[4.8779,44.2701],[4.868,44.2702],[4.8508,44.2725],[4.848,44.2717],[4.833,44.2703],[4.8257,44.2703],[4.8151,44.2774],[4.8035,44.2781],[4.803,44.2854],[4.8048,44.2883],[4.805,44.2928],[4.8031,44.2978],[4.8046,44.3038],[4.7997,44.3034],[4.7907,44.3076],[4.7875,44.3136],[4.7825,44.3154],[4.7796,44.3194],[4.7716,44.3175],[4.7629,44.3255],[4.7509,44.3251],[4.7337,44.3262],[4.7227,44.3264],[4.7137,44.3256],[4.7131,44.3205],[4.6969,44.3209],[4.6786,44.3207],[4.6753,44.324],[4.6695,44.3228],[4.6506,44.3298],[4.6514,44.325],[4.6492,44.3118],[4.6532,44.3039],[4.6532,44.2937],[4.6512,44.286],[4.6514,44.2777],[4.6495,44.2703],[4.6494,44.263],[4.6516,44.2591],[4.6672,44.2624],[4.6676,44.2604],[4.6754,44.2607],[4.693,44.2638],[4.6978,44.2667],[4.702,44.2672],[4.7089,44.2664],[4.7174,44.2644],[4.7241,44.2648],[4.7205,44.256],[4.734,44.2544],[4.7384,44.2546],[4.7528,44.2539],[4.7581,44.251],[4.7673,44.2502],[4.7759,44.2506],[4.777,44.252],[4.7787,44.2604],[4.7876,44.2582],[4.7958,44.264],[4.8052,44.269],[4.8096,44.2634],[4.8127,44.2574],[4.8119,44.2512],[4.8136,44.248],[4.8121,44.242],[4.8054,44.2421],[4.7862,44.2405],[4.7792,44.2426],[4.7702,44.2412],[4.7748,44.236],[4.7743,44.2348],[4.7596,44.2368],[4.7555,44.2282],[4.7349,44.227],[4.7258,44.2248],[4.7153,44.2236],[4.7135,44.2206],[4.7149,44.2177],[4.708,44.2131]],[[5.2907,43.8609],[5.288,43.8597],[5.2807,43.8596],[5.2806,43.8566],[5.2696,43.8545],[5.2783,43.8483],[5.2785,43.8454],[5.284,43.84],[5.2837,43.8334],[5.2823,43.8292],[5.2741,43.8186],[5.2729,43.8065],[5.2704,43.803],[5.2702,43.7931],[5.2965,43.7899],[5.2979,43.7888],[5.3106,43.7873],[5.3155,43.7858],[5.3185,43.7864],[5.3233,43.783],[5.3315,43.7852],[5.3321,43.7868],[5.3382,43.7914],[5.344,43.7941],[5.3414,43.7986],[5.3443,43.8018],[5.3449,43.8053],[5.3421,43.8093],[5.3564,43.8147],[5.3639,43.8207],[5.3542,43.8296],[5.3547,43.8309],[5.3614,43.8337],[5.3637,43.836],[5.3648,43.8413],[5.3608,43.8407],[5.3548,43.8445],[5.35,43.8517],[5.347,43.8527],[5.3443,43.8607],[5.3451,43.8634],[5.3393,43.8668],[5.3274,43.862],[5.3248,43.8587],[5.3156,43.8598],[5.3129,43.8621],[5.3064,43.8631],[5.3099,43.8654],[5.3191,43.8677],[5.3168,43.8692],[5.3155,43.875],[5.3112,43.8824],[5.3068,43.8779],[5.3021,43.8768],[5.2984,43.8715],[5.3016,43.8643],[5.3004,43.8611],[5.2907,43.8609]],[[4.9182,44.4077],[4.9096,44.3964],[4.9118,44.3875],[4.9087,44.3768],[4.9068,44.3741],[4.9029,44.3725],[4.9002,44.3696],[4.8947,44.3693],[4.8931,44.3637],[4.8907,44.3599],[4.8853,44.3581],[4.8805,44.3535],[4.8779,44.3531],[4.8706,44.3487],[4.8693,44.3449],[4.8798,44.3453],[4.8954,44.3382],[4.8943,44.333],[4.8895,44.3331],[4.8829,44.3275],[4.8817,44.3248],[4.8852,44.3189],[4.8917,44.3133],[4.8916,44.308],[4.8893,44.304],[4.8815,44.3044],[4.8648,44.3119],[4.8557,44.3133],[4.8534,44.315],[4.8493,44.3131],[4.845,44.3077],[4.8508,44.3005],[4.8519,44.2962],[4.8576,44.2943],[4.8663,44.2959],[4.8673,44.2912],[4.8714,44.2909],[4.8799,44.2876],[4.8873,44.2879],[4.8858,44.2837],[4.8967,44.279],[4.9049,44.2799],[4.9049,44.288],[4.9126,44.2881],[4.9159,44.3016],[4.9193,44.3036],[4.9219,44.3087],[4.9381,44.3062],[4.9443,44.306],[4.951,44.301],[4.9573,44.3026],[4.9594,44.299],[4.9727,44.2989],[4.9799,44.2975],[4.9871,44.2927],[4.9889,44.2969],[4.9877,44.2995],[4.991,44.3118],[4.9938,44.3151],[5.0008,44.3199],[5.0088,44.324],[5.0109,44.3275],[5.009,44.3339],[5.0229,44.3457],[5.0218,44.3496],[5.0217,44.3571],[5.0232,44.36],[5.0275,44.3629],[5.0324,44.361],[5.0349,44.3638],[5.0418,44.364],[5.0423,44.3625],[5.052,44.3648],[5.0547,44.3648],[5.0576,44.3702],[5.0674,44.3739],[5.0715,44.3775],[5.072,44.3811],[5.0634,44.3989],[5.0652,44.4026],[5.0719,44.4021],[5.0739,44.4116],[5.0716,44.4132],[5.0717,44.4179],[5.077,44.422],[5.086,44.4249],[5.0966,44.4186],[5.1004,44.4221],[5.1071,44.4265],[5.1043,44.4341],[5.1068,44.441],[5.1033,44.4476],[5.1018,44.4542],[5.0814,44.4409],[5.0768,44.4392],[5.0727,44.4338],[5.0665,44.4308],[5.0621,44.4263],[5.053,44.4215],[5.0437,44.4226],[5.0387,44.4246],[5.0343,44.4246],[5.0217,44.4181],[5.0186,44.4158],[5.0118,44.4156],[5.0105,44.4109],[5.0013,44.4126],[4.9906,44.4207],[4.9889,44.4232],[4.9778,44.4237],[4.9773,44.4277],[4.9725,44.4315],[4.9693,44.4278],[4.9647,44.4252],[4.9641,44.4227],[4.9603,44.4199],[4.9556,44.4206],[4.9487,44.4172],[4.9461,44.4149],[4.9412,44.415],[4.9338,44.4118],[4.928,44.4115],[4.9243,44.408],[4.9221,44.4096],[4.9182,44.4077]],[[5.1877,44.3855],[5.184,44.3832],[5.1786,44.382],[5.1804,44.3785],[5.1871,44.374],[5.1883,44.3667],[5.1908,44.3615],[5.1956,44.3556],[5.2047,44.3548],[5.2067,44.36],[5.2039,44.3712],[5.2042,44.3784],[5.2018,44.3824],[5.2091,44.3829],[5.2176,44.3874],[5.2107,44.3893],[5.2097,44.3945],[5.2107,44.3977],[5.2234,44.3996],[5.2305,44.3974],[5.2327,44.3997],[5.2378,44.4012],[5.2387,44.4069],[5.2437,44.405],[5.2499,44.4128],[5.2516,44.4165],[5.257,44.4151],[5.2667,44.4203],[5.2768,44.4281],[5.2632,44.4319],[5.2566,44.4322],[5.258,44.4293],[5.2535,44.4264],[5.2503,44.4285],[5.2409,44.4311],[5.2321,44.4231],[5.2245,44.42],[5.2214,44.4169],[5.218,44.4182],[5.2153,44.4165],[5.2195,44.4113],[5.2215,44.4064],[5.2199,44.4024],[5.2064,44.4009],[5.2035,44.4017],[5.1986,44.394],[5.1974,44.39],[5.2011,44.3832],[5.1977,44.382],[5.1941,44.383],[5.1895,44.381],[5.1877,44.3855]],[[4.8238,44.3327],[4.8308,44.3325],[4.8381,44.3309],[4.8404,44.3395],[4.8389,44.3415],[4.8441,44.3428],[4.8458,44.3446],[4.8442,44.3491],[4.8455,44.3516],[4.8407,44.3599],[4.8297,44.3639],[4.8228,44.3645],[4.8125,44.3603],[4.809,44.3558],[4.8063,44.3456],[4.8055,44.3377],[4.8119,44.335],[4.8211,44.3381],[4.8236,44.3377],[4.8238,44.3327]],[[5.1832,44.4729],[5.1797,44.4681],[5.1767,44.4674],[5.1727,44.4621],[5.172,44.4588],[5.1735,44.4542],[5.1835,44.451],[5.1897,44.4508],[5.193,44.4453],[5.1966,44.4428],[5.2008,44.447],[5.207,44.4489],[5.2077,44.4516],[5.2065,44.4595],[5.2035,44.4678],[5.1983,44.4716],[5.1916,44.4745],[5.1832,44.4729]],[[7.3486,47.7981],[7.3438,47.7929],[7.3449,47.7903],[7.3403,47.7864],[7.3394,47.7831],[7.3287,47.7783],[7.3216,47.7771],[7.3105,47.7766],[7.3107,47.7739],[7.3166,47.7692],[7.3175,47.7628],[7.3083,47.7562],[7.2967,47.755],[7.2891,47.7524],[7.2831,47.7492],[7.2841,47.7434],[7.2881,47.7382],[7.2886,47.7349],[7.2845,47.7338],[7.2869,47.7284],[7.2955,47.7295],[7.302,47.7278],[7.307,47.7285],[7.318,47.733],[7.3225,47.7338],[7.3282,47.7316],[7.3327,47.7261],[7.3361,47.726],[7.3445,47.7219],[7.3565,47.7326],[7.3518,47.7378],[7.3561,47.7425],[7.3554,47.747],[7.3604,47.7497],[7.3626,47.7527],[7.3615,47.757],[7.3664,47.7586],[7.3726,47.762],[7.3803,47.7585],[7.3851,47.7608],[7.3839,47.7641],[7.391,47.7672],[7.3931,47.774],[7.3902,47.7744],[7.372,47.7705],[7.3615,47.774],[7.3622,47.776],[7.3557,47.782],[7.3539,47.7973],[7.3486,47.7981]],[[6.7917,47.4237],[6.7872,47.4202],[6.7877,47.4171],[6.7911,47.4124],[6.7878,47.4085],[6.7917,47.4046],[6.802,47.4117],[6.8105,47.4124],[6.8128,47.4109],[6.8231,47.4193],[6.8309,47.4175],[6.8362,47.4222],[6.8353,47.4243],[6.8387,47.4268],[6.8358,47.4301],[6.8304,47.4327],[6.8377,47.4371],[6.8392,47.4401],[6.8369,47.4439],[6.8367,47.4501],[6.8208,47.4466],[6.8116,47.4504],[6.8128,47.4534],[6.8088,47.4552],[6.8069,47.4579],[6.7997,47.4581],[6.7956,47.4563],[6.7908,47.4507],[6.7903,47.4444],[6.7858,47.4399],[6.7904,47.4361],[6.7906,47.4303],[6.7882,47.4295],[6.7917,47.4237]],[[6.6264,47.6403],[6.6287,47.639],[6.6268,47.6334],[6.6357,47.6248],[6.6368,47.6225],[6.6421,47.6214],[6.6476,47.6235],[6.6632,47.6176],[6.6704,47.6113],[6.6806,47.6137],[6.6814,47.6184],[6.689,47.6193],[6.6939,47.6184],[6.6986,47.6214],[6.6991,47.626],[6.6904,47.6315],[6.6811,47.6295],[6.6807,47.6343],[6.6894,47.6341],[6.6985,47.6379],[6.6952,47.6462],[6.6944,47.6528],[6.6951,47.6585],[6.6911,47.6619],[6.6928,47.667],[6.6777,47.6654],[6.6709,47.667],[6.6676,47.6662],[6.6565,47.6689],[6.6548,47.677],[6.647,47.6771],[6.6425,47.6757],[6.6407,47.6791],[6.6377,47.6809],[6.6419,47.6832],[6.6413,47.6855],[6.6351,47.6862],[6.6338,47.6917],[6.628,47.6914],[6.6189,47.693],[6.6103,47.6913],[6.6065,47.6936],[6.5966,47.6944],[6.5935,47.686],[6.5876,47.6801],[6.5892,47.6735],[6.593,47.6721],[6.5931,47.6684],[6.5997,47.6671],[6.604,47.6628],[6.6052,47.6595],[6.62,47.6523],[6.6219,47.649],[6.6299,47.6484],[6.6332,47.6467],[6.6264,47.6403]],[[6.6537,47.5416],[6.656,47.537],[6.6694,47.527],[6.675,47.5236],[6.6813,47.5217],[6.6843,47.5159],[6.6811,47.5139],[6.6754,47.5074],[6.6767,47.5035],[6.6734,47.5017],[6.6769,47.4988],[6.6798,47.4944],[6.6913,47.4859],[6.6997,47.4766],[6.6976,47.4749],[6.6979,47.469],[6.7001,47.4664],[6.7085,47.4689],[6.7148,47.4743],[6.7251,47.4808],[6.7296,47.4804],[6.7304,47.4776],[6.7355,47.4764],[6.7418,47.4795],[6.7477,47.48],[6.7611,47.4787],[6.7644,47.4805],[6.7716,47.4798],[6.7746,47.4848],[6.7892,47.4824],[6.7994,47.4866],[6.805,47.485],[6.8144,47.4835],[6.8164,47.4875],[6.821,47.4895],[6.8247,47.4929],[6.8271,47.4901],[6.8344,47.4931],[6.8433,47.4927],[6.8473,47.4916],[6.8553,47.4918],[6.8558,47.4885],[6.8585,47.4863],[6.8738,47.4903],[6.8824,47.4904],[6.8824,47.4935],[6.8875,47.4935],[6.8956,47.4951],[6.8979,47.4965],[6.9052,47.4949],[6.9164,47.498],[6.9235,47.498],[6.9302,47.5004],[6.9336,47.496],[6.9352,47.4856],[6.9468,47.4876],[6.9477,47.4931],[6.9447,47.498],[6.9455,47.5051],[6.9497,47.5087],[6.9382,47.5171],[6.9321,47.5192],[6.928,47.5185],[6.9208,47.5201],[6.9168,47.5247],[6.9126,47.5274],[6.9158,47.5295],[6.9162,47.5324],[6.9113,47.5389],[6.9081,47.5408],[6.9057,47.548],[6.902,47.55],[6.8902,47.5501],[6.8834,47.5555],[6.8743,47.5513],[6.8611,47.5492],[6.861,47.5477],[6.8503,47.5482],[6.8438,47.5474],[6.8362,47.5482],[6.8306,47.5464],[6.8168,47.5478],[6.8126,47.5552],[6.8098,47.5575],[6.8071,47.5631],[6.8015,47.5625],[6.7996,47.5542],[6.7973,47.5492],[6.7892,47.5442],[6.7852,47.5433],[6.7806,47.5366],[6.7671,47.5383],[6.7632,47.5405],[6.7568,47.541],[6.7497,47.5427],[6.7421,47.5429],[6.7395,47.544],[6.7273,47.5445],[6.7221,47.5459],[6.7178,47.5452],[6.7151,47.5429],[6.7068,47.5435],[6.7038,47.5451],[6.6996,47.5446],[6.6887,47.5456],[6.6768,47.5504],[6.6772,47.5555],[6.6815,47.557],[6.6851,47.5628],[6.6856,47.5661],[6.6892,47.5708],[6.6821,47.5723],[6.6681,47.5722],[6.6598,47.5741],[6.6638,47.5769],[6.6603,47.5797],[6.6547,47.5767],[6.652,47.5725],[6.6616,47.5666],[6.6636,47.5629],[6.6703,47.558],[6.6684,47.5552],[6.6632,47.5522],[6.6583,47.5455],[6.6537,47.5416]],[[6.7154,47.5973],[6.715,47.593],[6.7198,47.5905],[6.7222,47.5865],[6.722,47.5832],[6.7361,47.5836],[6.7405,47.5853],[6.7337,47.5873],[6.7302,47.5917],[6.7203,47.6005],[6.7154,47.5973]],[[7.2076,47.566],[7.2111,47.5548],[7.215,47.5524],[7.2182,47.5537],[7.222,47.5515],[7.2281,47.5538],[7.2359,47.5503],[7.2359,47.5469],[7.242,47.5478],[7.2465,47.5416],[7.2443,47.5373],[7.2561,47.5393],[7.2592,47.5405],[7.256,47.5441],[7.2562,47.5475],[7.263,47.5484],[7.2657,47.5501],[7.2716,47.5572],[7.2716,47.5618],[7.2699,47.5703],[7.2702,47.5738],[7.2735,47.5788],[7.2724,47.5824],[7.2665,47.5859],[7.267,47.5882],[7.2752,47.5915],[7.2877,47.5949],[7.2862,47.599],[7.2864,47.607],[7.2741,47.6025],[7.2694,47.6058],[7.2621,47.6084],[7.2571,47.6054],[7.2514,47.608],[7.2459,47.6044],[7.2389,47.6042],[7.2335,47.6004],[7.2342,47.5957],[7.2289,47.5895],[7.2259,47.579],[7.2207,47.575],[7.2201,47.5705],[7.213,47.567],[7.2076,47.566]],[[7.284,47.6959],[7.2791,47.6922],[7.2783,47.6893],[7.2812,47.6869],[7.2812,47.6844],[7.2848,47.6824],[7.2913,47.6769],[7.2993,47.676],[7.302,47.6714],[7.3091,47.6725],[7.3164,47.668],[7.3232,47.6704],[7.3284,47.6788],[7.32,47.6855],[7.3147,47.6886],[7.3062,47.6965],[7.3122,47.7009],[7.3045,47.7048],[7.2964,47.7023],[7.284,47.6959]],[[7.3371,47.6993],[7.335,47.698],[7.3399,47.6875],[7.3445,47.6872],[7.3572,47.6906],[7.3663,47.6897],[7.3672,47.6915],[7.3732,47.6899],[7.3775,47.6901],[7.3816,47.6957],[7.3735,47.7084],[7.3662,47.7133],[7.3612,47.7155],[7.358,47.7204],[7.3529,47.7184],[7.352,47.7162],[7.3551,47.7123],[7.3489,47.7071],[7.3482,47.704],[7.3436,47.7013],[7.3371,47.6993]],[[6.9446,48.9348],[6.9418,48.9301],[6.9424,48.9226],[6.9465,48.9232],[6.9555,48.9223],[6.9564,48.9187],[6.9595,48.9159],[6.9647,48.9047],[6.9547,48.8939],[6.975,48.89],[6.9837,48.8916],[6.989,48.8912],[6.9975,48.8875],[7.0124,48.8831],[7.0271,48.8804],[7.0317,48.8777],[7.0325,48.8749],[7.0377,48.8755],[7.0412,48.8733],[7.0483,48.8737],[7.0465,48.8678],[7.061,48.8663],[7.061,48.8714],[7.0559,48.8754],[7.0548,48.8789],[7.0628,48.8879],[7.075,48.8912],[7.0918,48.8929],[7.0955,48.8917],[7.1053,48.8797],[7.1106,48.8773],[7.1099,48.8745],[7.1062,48.871],[7.1094,48.8669],[7.1163,48.862],[7.1313,48.8589],[7.1352,48.8574],[7.127,48.8499],[7.1242,48.8531],[7.117,48.857],[7.1124,48.8569],[7.1075,48.852],[7.0987,48.8456],[7.0907,48.8473],[7.079,48.8476],[7.0782,48.8452],[7.0717,48.8455],[7.0676,48.8491],[7.0527,48.8471],[7.0513,48.8425],[7.0547,48.8328],[7.0497,48.8232],[7.0469,48.8206],[7.0548,48.8136],[7.0611,48.8156],[7.072,48.8152],[7.081,48.8137],[7.0881,48.8107],[7.0893,48.8067],[7.0784,48.8034],[7.0755,48.8036],[7.0672,48.7995],[7.069,48.7931],[7.0727,48.7915],[7.0779,48.7856],[7.0861,48.7921],[7.0949,48.7946],[7.1064,48.7961],[7.1115,48.799],[7.1202,48.7992],[7.1267,48.8013],[7.1221,48.8057],[7.1221,48.8093],[7.1266,48.814],[7.1334,48.8171],[7.137,48.8169],[7.1477,48.8218],[7.1475,48.8244],[7.1414,48.8334],[7.1429,48.8406],[7.1491,48.8446],[7.157,48.8444],[7.1585,48.8429],[7.1767,48.8421],[7.1732,48.8463],[7.1803,48.8488],[7.1875,48.8488],[7.1923,48.8449],[7.1953,48.8402],[7.1935,48.8376],[7.1873,48.8362],[7.1877,48.8333],[7.2003,48.8273],[7.2071,48.8281],[7.2145,48.8245],[7.2163,48.8201],[7.2201,48.8188],[7.2232,48.8221],[7.2184,48.8259],[7.2099,48.8409],[7.2092,48.8439],[7.2217,48.8444],[7.2283,48.8483],[7.2349,48.8506],[7.2421,48.8517],[7.2336,48.8566],[7.2369,48.8616],[7.2451,48.8676],[7.2543,48.8662],[7.2528,48.8686],[7.2443,48.8725],[7.2407,48.8754],[7.2412,48.8787],[7.248,48.8835],[7.2501,48.8889],[7.2502,48.8928],[7.2461,48.8936],[7.2395,48.8902],[7.2294,48.8908],[7.2232,48.8924],[7.2196,48.8889],[7.2006,48.8778],[7.1974,48.8792],[7.1927,48.8838],[7.1886,48.8825],[7.1856,48.8792],[7.1798,48.8763],[7.1764,48.8792],[7.1701,48.8783],[7.1652,48.8749],[7.1628,48.8751],[7.146,48.8729],[7.1442,48.8719],[7.1369,48.8737],[7.1407,48.8784],[7.1515,48.8812],[7.1544,48.885],[7.1588,48.8865],[7.1627,48.8857],[7.1645,48.8958],[7.1698,48.8994],[7.1746,48.9009],[7.1777,48.8982],[7.1817,48.9004],[7.1829,48.8965],[7.1856,48.8949],[7.1915,48.8986],[7.1852,48.904],[7.1862,48.9061],[7.184,48.9098],[7.1915,48.9101],[7.1973,48.915],[7.1924,48.9236],[7.1931,48.9257],[7.1884,48.9301],[7.1937,48.9307],[7.1993,48.9298],[7.2018,48.9312],[7.2098,48.9413],[7.2156,48.9382],[7.2196,48.9377],[7.227,48.9386],[7.232,48.9415],[7.2326,48.9456],[7.2379,48.9483],[7.2357,48.9525],[7.2282,48.9548],[7.2293,48.9561],[7.2223,48.9585],[7.2113,48.9612],[7.2034,48.9613],[7.1954,48.9676],[7.1974,48.9705],[7.2025,48.9711],[7.2048,48.9767],[7.2093,48.9801],[7.2032,48.9877],[7.194,48.9953],[7.1862,48.9938],[7.1835,48.9948],[7.1834,49.0011],[7.1785,49.003],[7.1743,49.0064],[7.1624,49.0038],[7.1614,49.0063],[7.1302,49.0046],[7.1258,49.0059],[7.1275,49.0104],[7.1275,49.0148],[7.1214,49.0184],[7.1219,49.0237],[7.1203,49.0308],[7.1142,49.0309],[7.1191,49.0373],[7.1167,49.0403],[7.1096,49.0415],[7.1059,49.0454],[7.1072,49.047],[7.1049,49.0526],[7.1063,49.0557],[7.1025,49.0577],[7.1019,49.0643],[7.1095,49.0656],[7.1125,49.0651],[7.1155,49.0605],[7.1303,49.0594],[7.1369,49.0604],[7.1442,49.0597],[7.148,49.0654],[7.1415,49.0701],[7.1457,49.0779],[7.1447,49.0824],[7.1361,49.0816],[7.1305,49.0871],[7.1245,49.0881],[7.1222,49.0829],[7.1141,49.0831],[7.1104,49.0851],[7.0914,49.0709],[7.0837,49.0686],[7.076,49.0739],[7.0676,49.0659],[7.0695,49.0593],[7.0786,49.0503],[7.0728,49.0461],[7.0728,49.044],[7.0626,49.0376],[7.0527,49.0286],[7.0541,49.0243],[7.0521,49.0199],[7.0484,49.0176],[7.0495,49.0136],[7.0539,49.0124],[7.0526,49.0072],[7.0466,49.0047],[7.0471,49],[7.0431,48.9972],[7.0405,48.9988],[7.0367,48.9959],[7.0358,48.9901],[7.0315,48.9892],[7.0305,48.9866],[7.0324,48.9829],[7.0354,48.9827],[7.0374,48.9793],[7.0354,48.9739],[7.0316,48.9739],[7.0267,48.9694],[7.0315,48.9599],[7.0319,48.956],[7.026,48.9561],[7.0188,48.9577],[7.0175,48.9545],[7.013,48.9528],[7.004,48.9473],[7.0013,48.9442],[7.003,48.9411],[6.9967,48.9394],[6.9946,48.9424],[6.9887,48.9448],[6.9854,48.9444],[6.9792,48.9406],[6.9775,48.9379],[6.9802,48.9347],[6.9679,48.9271],[6.9602,48.9252],[6.953,48.9302],[6.9495,48.9303],[6.9482,48.9342],[6.9446,48.9348]],[[6.9214,48.4392],[6.9184,48.4355],[6.922,48.4335],[6.9266,48.4287],[6.9294,48.4237],[6.9293,48.4208],[6.9345,48.4117],[6.9388,48.4097],[6.9451,48.4051],[6.9463,48.4002],[6.9523,48.3894],[6.9543,48.3884],[6.9562,48.3827],[6.966,48.374],[6.9652,48.3717],[6.9675,48.3687],[6.9718,48.3667],[6.9785,48.3614],[6.9875,48.3653],[6.9998,48.3671],[7.0042,48.3657],[7.0149,48.3649],[7.0214,48.3663],[7.026,48.3654],[7.0352,48.3614],[7.0353,48.3587],[7.0391,48.3532],[7.0458,48.3529],[7.0612,48.3484],[7.065,48.3516],[7.0759,48.3527],[7.083,48.356],[7.0904,48.3656],[7.0962,48.3713],[7.1015,48.3743],[7.1073,48.376],[7.1196,48.3733],[7.1313,48.3743],[7.1356,48.3757],[7.1412,48.375],[7.1398,48.3832],[7.1428,48.3844],[7.1433,48.3886],[7.1468,48.3913],[7.1525,48.3934],[7.1518,48.3978],[7.1544,48.4001],[7.1543,48.4047],[7.1609,48.4066],[7.1661,48.4094],[7.1674,48.4127],[7.1732,48.4154],[7.1744,48.4182],[7.1817,48.4186],[7.1855,48.4243],[7.1844,48.4322],[7.1886,48.4421],[7.1945,48.4446],[7.1982,48.4476],[7.1967,48.4517],[7.2046,48.4576],[7.2178,48.4727],[7.2172,48.4785],[7.2122,48.4802],[7.2073,48.4804],[7.2006,48.4828],[7.1808,48.4841],[7.1757,48.4831],[7.1661,48.4853],[7.1618,48.4896],[7.1616,48.4923],[7.1701,48.4957],[7.1756,48.5026],[7.175,48.5091],[7.1702,48.5155],[7.1713,48.5192],[7.1677,48.5234],[7.1676,48.5275],[7.1612,48.5281],[7.1511,48.5317],[7.1482,48.5272],[7.1351,48.5281],[7.1324,48.5306],[7.1277,48.5313],[7.1242,48.5363],[7.1154,48.5373],[7.0966,48.5302],[7.0917,48.5291],[7.0882,48.5306],[7.0796,48.5366],[7.0754,48.5348],[7.0704,48.5285],[7.0647,48.5238],[7.0709,48.5225],[7.0807,48.5126],[7.0839,48.5082],[7.0777,48.5075],[7.0705,48.5022],[7.0628,48.4994],[7.0545,48.4983],[7.051,48.4951],[7.0431,48.4947],[7.0366,48.4926],[7.0235,48.4908],[7.0188,48.4868],[7.0149,48.4858],[7.005,48.4807],[6.9946,48.4817],[6.989,48.4811],[6.9801,48.4785],[6.9744,48.474],[6.9683,48.4725],[6.9597,48.4658],[6.955,48.4648],[6.9514,48.4622],[6.9512,48.4591],[6.9457,48.4538],[6.9356,48.449],[6.9313,48.4456],[6.9303,48.4424],[6.9257,48.4386],[6.9214,48.4392]]],[[[8.5417,42.3699],[8.5402,42.3677],[8.5354,42.3705],[8.5376,42.3724],[8.5417,42.3699]]],[[[6.382,43.0067],[6.3832,43.0137],[6.3877,43.0123],[6.3923,43.0123],[6.4054,43.0176],[6.4128,43.0173],[6.4117,43.0098],[6.415,43.0096],[6.4176,43.0071],[6.4111,43.0021],[6.4072,42.9976],[6.4029,42.9946],[6.3951,42.9937],[6.3913,42.9949],[6.3879,42.9982],[6.3835,42.9974],[6.3778,42.9982],[6.3728,42.9973],[6.37,42.9991],[6.3701,43.0026],[6.3767,43.0054],[6.382,43.0067]]],[[[6.2503,43.0005],[6.2457,42.9971],[6.2421,42.9985],[6.234,42.9961],[6.2266,42.9926],[6.2168,42.9915],[6.2141,42.9877],[6.209,42.9854],[6.2057,42.9823],[6.199,42.9821],[6.1957,42.9836],[6.1971,42.9881],[6.1946,42.9899],[6.1859,42.9931],[6.1842,42.9922],[6.1768,42.9971],[6.172,42.9957],[6.1691,42.9999],[6.1648,42.998],[6.1613,42.9989],[6.1642,43.0018],[6.1685,43.0013],[6.1695,43.006],[6.1777,43.0085],[6.1847,43.0072],[6.1879,43.0042],[6.1932,43.0047],[6.1994,43.0005],[6.2035,43.0033],[6.2074,43.0019],[6.2124,43.0031],[6.215,43.0055],[6.219,43.0121],[6.2279,43.01],[6.234,43.012],[6.237,43.0158],[6.239,43.0217],[6.2476,43.0187],[6.2498,43.0114],[6.2494,43.0027],[6.2503,43.0005]]],[[[6.3604,43.0154],[6.3619,43.0175],[6.3681,43.0185],[6.3676,43.0153],[6.3647,43.0136],[6.3637,43.0101],[6.3646,43.0061],[6.3624,43.0047],[6.3598,43.0093],[6.3604,43.0154]]],[[[6.5064,43.0438],[6.5015,43.0428],[6.4891,43.0429],[6.4839,43.0387],[6.4845,43.0374],[6.4771,43.0273],[6.4727,43.0254],[6.473,43.0208],[6.4709,43.0167],[6.4675,43.0176],[6.4613,43.0136],[6.4505,43.0175],[6.4443,43.0085],[6.4373,43.0044],[6.4341,43.0067],[6.4325,43.0111],[6.4343,43.0122],[6.4338,43.0203],[6.4377,43.024],[6.4444,43.0249],[6.452,43.0278],[6.4579,43.0277],[6.4613,43.0321],[6.4608,43.0351],[6.4634,43.0392],[6.4694,43.0448],[6.4734,43.0471],[6.4856,43.0475],[6.4951,43.05],[6.5084,43.0522],[6.5064,43.0438]]],[[[5.7819,43.0823],[5.786,43.0769],[5.7901,43.0798],[5.792,43.0775],[5.7909,43.0751],[5.7872,43.0742],[5.7806,43.0698],[5.7783,43.0797],[5.7819,43.0823]]],[[[5.3975,43.1748],[5.3978,43.173],[5.3864,43.1731],[5.3814,43.1759],[5.374,43.1767],[5.3749,43.1795],[5.3803,43.1803],[5.3924,43.1768],[5.3975,43.1748]]],[[[5.3397,43.2116],[5.3389,43.2082],[5.3304,43.2108],[5.3329,43.213],[5.3397,43.2116]]],[[[3.5001,43.2777],[3.5024,43.2806],[3.5072,43.2781],[3.5049,43.2761],[3.5001,43.2777]]],[[[5.3159,43.2832],[5.3131,43.2803],[5.3089,43.2815],[5.3042,43.2765],[5.3112,43.276],[5.3087,43.2735],[5.3007,43.2712],[5.2999,43.2682],[5.2958,43.2656],[5.2881,43.2629],[5.2857,43.266],[5.2902,43.2681],[5.2953,43.2691],[5.3036,43.2766],[5.3027,43.2801],[5.2985,43.2784],[5.2933,43.2793],[5.2944,43.2814],[5.3005,43.2821],[5.3023,43.2854],[5.312,43.2846],[5.3139,43.2869],[5.3231,43.2852],[5.3198,43.2827],[5.3159,43.2832]]],[[[4.1274,43.5138],[4.1297,43.5176],[4.1328,43.5155],[4.1323,43.5128],[4.1274,43.5138]]],[[[7.05,43.5064],[7.0482,43.5056],[7.0385,43.5065],[7.0414,43.5093],[7.0517,43.5093],[7.05,43.5064]]],[[[7.0707,43.5169],[7.0666,43.5151],[7.0616,43.5163],[7.058,43.5155],[7.0533,43.5163],[7.0475,43.5155],[7.034,43.518],[7.0354,43.5221],[7.0392,43.522],[7.0443,43.5244],[7.0557,43.5206],[7.0635,43.5204],[7.0707,43.5169]]],[[[5.0953,44.2487],[5.1014,44.247],[5.1113,44.2453],[5.1143,44.2436],[5.1139,44.2401],[5.1161,44.2386],[5.1128,44.2312],[5.1076,44.2316],[5.1019,44.2292],[5.0989,44.2249],[5.0934,44.2286],[5.0886,44.2292],[5.093,44.2351],[5.0894,44.24],[5.0913,44.2409],[5.0953,44.2487]]],[[[-1.2539,44.5718],[-1.2427,44.5833],[-1.2439,44.5793],[-1.2524,44.5717],[-1.2493,44.5667],[-1.2538,44.5654],[-1.2568,44.5681],[-1.2539,44.5718]]],[[[-1.0205,44.6473],[-1.0222,44.6446],[-1.027,44.6452],[-1.0276,44.6494],[-1.024,44.6501],[-1.0205,44.6473]]],[[[-1.0163,44.6553],[-1.0133,44.6519],[-1.0206,44.6494],[-1.0216,44.6513],[-1.0261,44.6522],[-1.0298,44.6488],[-1.0327,44.6518],[-1.0286,44.6559],[-1.0289,44.6612],[-1.026,44.6623],[-1.0163,44.6553]]],[[[-1.1887,44.7],[-1.1866,44.703],[-1.176,44.7045],[-1.1703,44.7025],[-1.1673,44.6998],[-1.1663,44.696],[-1.1732,44.6928],[-1.1804,44.6924],[-1.1842,44.6934],[-1.1847,44.6965],[-1.1887,44.7]]],[[[-1.1528,45.6045],[-1.1474,45.602],[-1.1515,45.5979],[-1.1533,45.6019],[-1.1528,45.6045]]],[[[-1.2082,45.851],[-1.2063,45.846],[-1.2035,45.846],[-1.2022,45.8384],[-1.1954,45.8291],[-1.2015,45.8271],[-1.2049,45.8249],[-1.2187,45.8123],[-1.2236,45.8113],[-1.229,45.8064],[-1.2289,45.8027],[-1.2354,45.8047],[-1.2425,45.814],[-1.2463,45.8259],[-1.2512,45.8513],[-1.2537,45.858],[-1.2602,45.871],[-1.2683,45.8811],[-1.2803,45.8874],[-1.2847,45.8926],[-1.2931,45.8999],[-1.2989,45.8993],[-1.3048,45.9014],[-1.3178,45.9109],[-1.3284,45.9156],[-1.331,45.914],[-1.3358,45.9174],[-1.3429,45.9199],[-1.3469,45.9241],[-1.3512,45.9256],[-1.3612,45.9339],[-1.3749,45.9441],[-1.3798,45.9504],[-1.385,45.9519],[-1.3884,45.9578],[-1.3865,45.9608],[-1.3874,45.9659],[-1.3904,45.9697],[-1.3909,45.9731],[-1.3955,45.9771],[-1.3935,45.9822],[-1.3913,45.9841],[-1.3874,45.9941],[-1.3874,45.9981],[-1.3898,46.0034],[-1.3947,46.011],[-1.3999,46.0161],[-1.403,46.0243],[-1.4069,46.0313],[-1.4096,46.0399],[-1.4108,46.0409],[-1.4107,46.048],[-1.3967,46.0446],[-1.3912,46.0422],[-1.3826,46.0416],[-1.3703,46.0394],[-1.3722,46.0369],[-1.3712,46.0315],[-1.3692,46.0292],[-1.3621,46.0256],[-1.3575,46.0244],[-1.354,46.0203],[-1.3454,46.0155],[-1.3357,46.0136],[-1.3354,46.0109],[-1.3282,46.0072],[-1.3277,46.0053],[-1.321,45.9981],[-1.3146,45.9938],[-1.3045,45.9903],[-1.2885,45.9876],[-1.2806,45.9878],[-1.2611,45.9903],[-1.2476,45.9904],[-1.2401,45.9875],[-1.2345,45.9823],[-1.236,45.9731],[-1.2334,45.9682],[-1.2407,45.9621],[-1.2423,45.9574],[-1.2415,45.9547],[-1.235,45.9476],[-1.227,45.9418],[-1.2297,45.9391],[-1.229,45.9329],[-1.2329,45.9261],[-1.2245,45.9139],[-1.2113,45.9038],[-1.202,45.9006],[-1.2022,45.8976],[-1.1961,45.8912],[-1.1884,45.8864],[-1.1935,45.8806],[-1.1928,45.8744],[-1.1983,45.8689],[-1.1957,45.8616],[-1.201,45.8613],[-1.2036,45.8586],[-1.2026,45.8553],[-1.2082,45.851]]],[[[-1.1076,45.9562],[-1.1116,45.9531],[-1.1166,45.9522],[-1.12,45.9583],[-1.1182,45.9619],[-1.1131,45.9619],[-1.1076,45.9562]]],[[[-1.1574,46.0215],[-1.1567,46.0182],[-1.1641,46.0185],[-1.1684,46.0198],[-1.1727,46.0176],[-1.1706,46.0131],[-1.175,46.01],[-1.1775,46.0115],[-1.1768,46.0214],[-1.1752,46.0238],[-1.1683,46.0258],[-1.1574,46.0215]]],[[[-1.284,46.1454],[-1.2879,46.1457],[-1.3049,46.1431],[-1.3143,46.1438],[-1.3183,46.1454],[-1.3238,46.1457],[-1.3299,46.1496],[-1.3369,46.1514],[-1.3405,46.1513],[-1.3536,46.1557],[-1.3706,46.1673],[-1.3793,46.1707],[-1.3854,46.1743],[-1.3928,46.1774],[-1.4019,46.1802],[-1.4219,46.1882],[-1.4308,46.19],[-1.4433,46.1958],[-1.4631,46.2028],[-1.4719,46.2032],[-1.4892,46.2],[-1.4953,46.1961],[-1.5053,46.1932],[-1.5106,46.1968],[-1.5165,46.1993],[-1.5304,46.2023],[-1.5349,46.2024],[-1.5386,46.2106],[-1.5412,46.2138],[-1.5417,46.217],[-1.5489,46.2262],[-1.5572,46.2328],[-1.5613,46.2378],[-1.5627,46.2442],[-1.5609,46.2451],[-1.5453,46.2429],[-1.5411,46.2433],[-1.528,46.2485],[-1.5184,46.2553],[-1.5132,46.2578],[-1.5051,46.257],[-1.5005,46.258],[-1.4942,46.2562],[-1.489,46.2534],[-1.4877,46.2497],[-1.4821,46.2474],[-1.4817,46.2404],[-1.475,46.236],[-1.4742,46.233],[-1.481,46.2287],[-1.4877,46.2285],[-1.4925,46.2298],[-1.4949,46.235],[-1.4993,46.2355],[-1.5003,46.2317],[-1.5084,46.2267],[-1.5136,46.232],[-1.5149,46.2276],[-1.512,46.2207],[-1.5058,46.2159],[-1.5,46.2166],[-1.4938,46.2131],[-1.4935,46.2071],[-1.4853,46.2079],[-1.4813,46.2102],[-1.4793,46.2149],[-1.4737,46.214],[-1.4669,46.2167],[-1.4655,46.2233],[-1.4597,46.2237],[-1.4562,46.2255],[-1.4578,46.2285],[-1.4499,46.2283],[-1.4448,46.2291],[-1.432,46.2295],[-1.4263,46.2303],[-1.4147,46.2306],[-1.4108,46.2296],[-1.4183,46.2256],[-1.4171,46.2213],[-1.4204,46.2186],[-1.432,46.2169],[-1.4375,46.2172],[-1.4396,46.2142],[-1.4319,46.2078],[-1.4254,46.205],[-1.4132,46.2045],[-1.4051,46.203],[-1.3942,46.2033],[-1.3742,46.2059],[-1.3636,46.2064],[-1.3545,46.206],[-1.3378,46.1979],[-1.3346,46.1946],[-1.3265,46.1897],[-1.3184,46.1868],[-1.3078,46.1907],[-1.2941,46.188],[-1.2908,46.1857],[-1.2871,46.1805],[-1.2893,46.178],[-1.2819,46.171],[-1.2831,46.1682],[-1.2815,46.1647],[-1.274,46.16],[-1.269,46.1599],[-1.2632,46.1612],[-1.2564,46.1648],[-1.2547,46.162],[-1.2669,46.1561],[-1.2756,46.1493],[-1.2786,46.1444],[-1.284,46.1454]]],[[[-2.3374,46.7191],[-2.3282,46.7208],[-2.3182,46.7183],[-2.3107,46.7122],[-2.306,46.7112],[-2.302,46.7089],[-2.2938,46.7015],[-2.2864,46.6961],[-2.2821,46.6911],[-2.2863,46.691],[-2.2914,46.6931],[-2.2995,46.6923],[-2.3097,46.6959],[-2.3146,46.6955],[-2.318,46.6914],[-2.3248,46.6902],[-2.328,46.687],[-2.3326,46.6865],[-2.3336,46.6894],[-2.3397,46.6899],[-2.3406,46.6918],[-2.3458,46.6939],[-2.3514,46.6914],[-2.3572,46.6954],[-2.3637,46.6946],[-2.3686,46.6987],[-2.369,46.7017],[-2.3763,46.7031],[-2.3787,46.6984],[-2.3817,46.6999],[-2.3792,46.7051],[-2.3843,46.7081],[-2.391,46.7101],[-2.3989,46.717],[-2.3978,46.72],[-2.3987,46.7242],[-2.3921,46.7271],[-2.3866,46.7277],[-2.3825,46.7331],[-2.3774,46.7323],[-2.3744,46.7338],[-2.3612,46.7295],[-2.3544,46.728],[-2.3498,46.7257],[-2.3438,46.7253],[-2.3408,46.7203],[-2.3374,46.7191]]],[[[-2.1873,46.9611],[-2.1769,46.9585],[-2.1673,46.9549],[-2.1569,46.9501],[-2.1472,46.9341],[-2.1525,46.9322],[-2.1525,46.93],[-2.1467,46.9247],[-2.1505,46.9203],[-2.1506,46.9158],[-2.1486,46.9147],[-2.1498,46.9097],[-2.1531,46.9071],[-2.1515,46.9024],[-2.1481,46.8975],[-2.1484,46.894],[-2.1552,46.8953],[-2.1596,46.8985],[-2.1675,46.9068],[-2.1732,46.924],[-2.1779,46.9324],[-2.1849,46.9403],[-2.1944,46.9485],[-2.207,46.9575],[-2.2142,46.9617],[-2.225,46.9657],[-2.241,46.9652],[-2.2458,46.9642],[-2.253,46.959],[-2.2592,46.9584],[-2.2638,46.9604],[-2.2693,46.9675],[-2.2833,46.9813],[-2.287,46.9836],[-2.3008,46.9887],[-2.303,46.9924],[-2.3006,46.9982],[-2.2934,47.007],[-2.2926,47.0123],[-2.2954,47.0132],[-2.2965,47.017],[-2.3008,47.0183],[-2.3033,47.0229],[-2.3076,47.0248],[-2.2998,47.0272],[-2.297,47.0241],[-2.2866,47.0249],[-2.2772,47.029],[-2.2688,47.0273],[-2.2635,47.0285],[-2.2572,47.0273],[-2.2511,47.0275],[-2.2462,47.0202],[-2.2407,47.0179],[-2.2317,47.0167],[-2.2257,47.0168],[-2.2196,47.0112],[-2.2183,47.0082],[-2.2204,47.0044],[-2.2185,46.9949],[-2.2188,46.9909],[-2.2219,46.9901],[-2.2257,46.9925],[-2.2412,46.9987],[-2.2398,46.9964],[-2.2357,46.9953],[-2.2321,46.9887],[-2.2366,46.9852],[-2.2363,46.9795],[-2.2324,46.9765],[-2.2303,46.9731],[-2.226,46.9762],[-2.2115,46.9701],[-2.1873,46.9611]]],[[[-3.1219,47.323],[-3.1131,47.3244],[-3.1109,47.319],[-3.1007,47.3158],[-3.0923,47.3153],[-3.0814,47.3164],[-3.0746,47.3178],[-3.0666,47.3166],[-3.0616,47.3144],[-3.0567,47.3097],[-3.0583,47.3071],[-3.0641,47.3079],[-3.0667,47.3031],[-3.0655,47.2999],[-3.0681,47.2972],[-3.0759,47.2925],[-3.0758,47.2863],[-3.0865,47.2833],[-3.0902,47.2793],[-3.0932,47.2783],[-3.0964,47.2808],[-3.0942,47.2829],[-3.1015,47.2836],[-3.1065,47.2851],[-3.1098,47.2882],[-3.1167,47.288],[-3.1192,47.2906],[-3.1238,47.2907],[-3.1277,47.288],[-3.1356,47.2881],[-3.1397,47.2862],[-3.1418,47.2896],[-3.1483,47.2933],[-3.1589,47.2934],[-3.1602,47.2967],[-3.1659,47.2976],[-3.1674,47.2997],[-3.1756,47.3018],[-3.1769,47.2998],[-3.182,47.2982],[-3.183,47.2953],[-3.1892,47.2952],[-3.1954,47.2937],[-3.2007,47.2956],[-3.2027,47.2996],[-3.2063,47.2963],[-3.2116,47.2948],[-3.2196,47.294],[-3.2252,47.2971],[-3.2235,47.2989],[-3.2325,47.3026],[-3.235,47.3011],[-3.2388,47.303],[-3.2382,47.3055],[-3.2449,47.3105],[-3.2494,47.3165],[-3.2442,47.3178],[-3.2419,47.3213],[-3.2362,47.3266],[-3.2419,47.328],[-3.2447,47.3308],[-3.2487,47.3307],[-3.2504,47.3359],[-3.2545,47.3374],[-3.2539,47.3397],[-3.2572,47.3442],[-3.2553,47.3466],[-3.2571,47.3507],[-3.2611,47.3525],[-3.2626,47.3555],[-3.2612,47.3593],[-3.2615,47.3672],[-3.2581,47.3731],[-3.2545,47.3714],[-3.2506,47.3718],[-3.2495,47.3785],[-3.248,47.3813],[-3.2499,47.3857],[-3.2443,47.3873],[-3.2408,47.383],[-3.2336,47.379],[-3.2179,47.3781],[-3.2185,47.3734],[-3.2094,47.3732],[-3.2068,47.3709],[-3.2013,47.3721],[-3.1966,47.3692],[-3.1948,47.3662],[-3.1901,47.3651],[-3.1796,47.3642],[-3.1721,47.3614],[-3.1599,47.3623],[-3.1556,47.3614],[-3.1566,47.3572],[-3.1548,47.3554],[-3.1518,47.3455],[-3.1457,47.3432],[-3.1465,47.3374],[-3.1453,47.3337],[-3.1383,47.3287],[-3.1258,47.3268],[-3.1219,47.323]]],[[[-2.875,47.3444],[-2.8725,47.3433],[-2.8688,47.3478],[-2.8641,47.3491],[-2.8608,47.3411],[-2.8648,47.3371],[-2.8726,47.3359],[-2.8801,47.3326],[-2.8861,47.3345],[-2.8898,47.3382],[-2.884,47.3429],[-2.875,47.3444]]],[[[-2.9483,47.3895],[-2.9519,47.3873],[-2.9542,47.3834],[-2.9537,47.3811],[-2.949,47.3791],[-2.9489,47.3761],[-2.9559,47.378],[-2.9573,47.3829],[-2.9605,47.3845],[-2.9681,47.3844],[-2.977,47.3874],[-2.9771,47.3897],[-2.9814,47.3906],[-2.9816,47.3929],[-2.9887,47.3947],[-2.9934,47.3998],[-2.9882,47.3991],[-2.9811,47.3997],[-2.9801,47.3974],[-2.9684,47.3928],[-2.9599,47.3936],[-2.9525,47.3907],[-2.942,47.3942],[-2.94,47.3927],[-2.9483,47.3895]]],[[[-2.7863,47.5737],[-2.7895,47.5714],[-2.7929,47.5742],[-2.7934,47.5772],[-2.7861,47.5755],[-2.7863,47.5737]]],[[[-2.7259,47.578],[-2.7238,47.5769],[-2.7279,47.5728],[-2.7332,47.5787],[-2.738,47.5807],[-2.7387,47.5838],[-2.7267,47.5798],[-2.7259,47.578]]],[[[-2.8406,47.5942],[-2.8393,47.5926],[-2.8338,47.5934],[-2.8243,47.5909],[-2.824,47.5887],[-2.8326,47.5901],[-2.8379,47.5882],[-2.8457,47.5901],[-2.8507,47.5867],[-2.8519,47.5832],[-2.8507,47.5777],[-2.8554,47.5748],[-2.853,47.5723],[-2.8545,47.5659],[-2.8585,47.5666],[-2.8578,47.5612],[-2.8603,47.5603],[-2.8618,47.5699],[-2.8574,47.5811],[-2.8566,47.5903],[-2.8502,47.5988],[-2.8473,47.5988],[-2.8422,47.6048],[-2.837,47.6059],[-2.8382,47.6021],[-2.842,47.5976],[-2.8406,47.5942]]],[[[-2.7768,47.5903],[-2.7815,47.589],[-2.7898,47.594],[-2.7937,47.5933],[-2.7947,47.5909],[-2.7986,47.5899],[-2.8023,47.5859],[-2.8039,47.5818],[-2.8073,47.5814],[-2.8098,47.5783],[-2.8126,47.5839],[-2.8084,47.5863],[-2.8127,47.5913],[-2.8083,47.5923],[-2.8025,47.5968],[-2.7962,47.5982],[-2.794,47.6016],[-2.7869,47.5993],[-2.7864,47.5932],[-2.7768,47.5934],[-2.7768,47.5903]]],[[[-2.7622,47.6079],[-2.7636,47.6056],[-2.7699,47.6069],[-2.7708,47.6106],[-2.7651,47.6101],[-2.7622,47.6079]]],[[[-3.4274,47.641],[-3.4224,47.637],[-3.4163,47.6357],[-3.4164,47.6314],[-3.4188,47.6279],[-3.418,47.6256],[-3.4236,47.6204],[-3.4265,47.6234],[-3.4324,47.6235],[-3.4374,47.6286],[-3.4407,47.6281],[-3.4427,47.6248],[-3.4476,47.6228],[-3.4505,47.6233],[-3.4627,47.6203],[-3.4665,47.6242],[-3.4811,47.6289],[-3.4858,47.6286],[-3.4876,47.632],[-3.4924,47.6326],[-3.501,47.6385],[-3.5058,47.6396],[-3.515,47.6475],[-3.5129,47.6517],[-3.5088,47.6511],[-3.5014,47.6535],[-3.4848,47.6523],[-3.4818,47.6498],[-3.472,47.6479],[-3.4649,47.6481],[-3.4556,47.6449],[-3.449,47.6444],[-3.4476,47.6429],[-3.4412,47.6442],[-3.4305,47.6431],[-3.4274,47.641]]],[[[-3.9934,47.703],[-4.0002,47.7022],[-3.9997,47.7076],[-3.9928,47.7069],[-3.9934,47.703]]],[[[-3.9543,47.7181],[-3.9583,47.7195],[-3.9535,47.7223],[-3.9509,47.7201],[-3.9543,47.7181]]],[[[-4.1833,47.8635],[-4.1779,47.8577],[-4.1764,47.852],[-4.1813,47.8536],[-4.1883,47.8588],[-4.1889,47.861],[-4.193,47.8642],[-4.1859,47.8673],[-4.182,47.8674],[-4.1833,47.8635]]],[[[-4.8491,48.0361],[-4.8521,48.0342],[-4.8557,48.0386],[-4.8633,48.0404],[-4.8676,48.039],[-4.8694,48.0414],[-4.8674,48.044],[-4.8617,48.0409],[-4.8492,48.0382],[-4.8491,48.0361]]],[[[-4.9035,48.3739],[-4.8978,48.376],[-4.8947,48.3751],[-4.8942,48.3721],[-4.9035,48.3739]]],[[[-4.9392,48.3712],[-4.9352,48.3755],[-4.9326,48.374],[-4.9392,48.3712]]],[[[-4.8551,48.3517],[-4.8514,48.353],[-4.8483,48.3567],[-4.8428,48.3545],[-4.8544,48.3488],[-4.8581,48.3454],[-4.8576,48.3416],[-4.865,48.3424],[-4.8593,48.3458],[-4.858,48.3509],[-4.8551,48.3517]]],[[[-4.9551,48.3922],[-4.9591,48.3902],[-4.9647,48.3924],[-4.9665,48.3978],[-4.9622,48.4013],[-4.9587,48.4011],[-4.9542,48.3959],[-4.9551,48.3922]]],[[[-5.1176,48.4639],[-5.1065,48.4668],[-5.1096,48.4685],[-5.1054,48.4728],[-5.0863,48.4737],[-5.0839,48.4726],[-5.0755,48.4745],[-5.071,48.4818],[-5.066,48.4819],[-5.0596,48.4759],[-5.0541,48.4776],[-5.0519,48.4744],[-5.0577,48.4715],[-5.0546,48.4695],[-5.0549,48.4651],[-5.0471,48.4631],[-5.0446,48.4651],[-5.0403,48.4655],[-5.0343,48.4629],[-5.0376,48.4584],[-5.0431,48.4576],[-5.0495,48.4594],[-5.0587,48.4502],[-5.0665,48.4493],[-5.0701,48.452],[-5.0755,48.4493],[-5.0788,48.4507],[-5.087,48.4463],[-5.0887,48.4408],[-5.0959,48.441],[-5.1007,48.439],[-5.1028,48.4365],[-5.1122,48.4364],[-5.11,48.439],[-5.1107,48.4424],[-5.1052,48.4447],[-5.0992,48.4447],[-5.0947,48.4482],[-5.0923,48.452],[-5.0982,48.4544],[-5.0991,48.4566],[-5.1117,48.4539],[-5.1178,48.4516],[-5.124,48.4512],[-5.1344,48.4486],[-5.1412,48.4491],[-5.1299,48.4603],[-5.1208,48.462],[-5.1176,48.4639]]],[[[-2.1867,48.6231],[-2.192,48.6217],[-2.1902,48.6262],[-2.1867,48.6231]]],[[[-5.1021,48.4791],[-5.1005,48.4809],[-5.0929,48.482],[-5.091,48.4786],[-5.0963,48.4778],[-5.1021,48.4791]]],[[[-3.9231,48.693],[-3.925,48.6899],[-3.9216,48.6885],[-3.9199,48.6831],[-3.9264,48.6858],[-3.9256,48.6899],[-3.9287,48.6938],[-3.9258,48.6963],[-3.9231,48.693]]],[[[-4.0025,48.7478],[-3.9996,48.746],[-3.9915,48.744],[-3.9888,48.7394],[-3.9981,48.7414],[-4.005,48.7404],[-4.0111,48.7442],[-4.0154,48.7437],[-4.0226,48.7388],[-4.0287,48.7426],[-4.0376,48.743],[-4.0403,48.7463],[-4.0345,48.747],[-4.0265,48.7492],[-4.0235,48.7517],[-4.0066,48.753],[-4.0067,48.7512],[-4.0025,48.7478]]],[[[-3.5936,48.7687],[-3.5994,48.7673],[-3.6028,48.7713],[-3.5976,48.7711],[-3.5936,48.7687]]],[[[-1.8265,48.8726],[-1.8269,48.8697],[-1.8315,48.8688],[-1.8325,48.8723],[-1.83,48.8747],[-1.8265,48.8726]]],[[[-3.563,48.8022],[-3.5721,48.7956],[-3.5793,48.7961],[-3.5858,48.7954],[-3.5868,48.8011],[-3.5795,48.8065],[-3.5752,48.8059],[-3.5667,48.8082],[-3.5633,48.8057],[-3.563,48.8022]]],[[[-3.0164,48.8436],[-3.0154,48.8403],[-3.0185,48.8391],[-3.0208,48.8445],[-3.0164,48.8436]]],[[[-2.9979,48.846],[-2.9971,48.8388],[-2.9994,48.8377],[-3.0054,48.8384],[-3.0106,48.8422],[-3.0079,48.8463],[-3.0127,48.8486],[-3.0055,48.8514],[-3.0024,48.8492],[-2.9955,48.8502],[-2.9945,48.8474],[-2.9979,48.846]]],[[[-2.9948,48.8566],[-2.9951,48.8519],[-2.9986,48.8509],[-3.0034,48.8532],[-3.0086,48.8541],[-3.0128,48.8581],[-3.0104,48.8593],[-2.9993,48.86],[-2.9988,48.863],[-2.9931,48.864],[-2.9846,48.8621],[-2.9869,48.8592],[-2.993,48.8609],[-2.9956,48.8597],[-2.9948,48.8566]]],[[[-3.3013,48.8468],[-3.3082,48.8441],[-3.3108,48.8467],[-3.308,48.8493],[-3.3032,48.8487],[-3.3013,48.8468]]],[[[7.0663,48.959],[7.0788,48.9629],[7.0939,48.9634],[7.1025,48.9654],[7.1155,48.9623],[7.1207,48.964],[7.1226,48.9614],[7.1213,48.9587],[7.1215,48.953],[7.1187,48.9513],[7.1221,48.9474],[7.1224,48.943],[7.1202,48.9402],[7.1147,48.9372],[7.1104,48.9362],[7.1086,48.934],[7.0966,48.9299],[7.0823,48.9325],[7.0788,48.9282],[7.0802,48.9244],[7.0601,48.9258],[7.0513,48.9238],[7.0497,48.9282],[7.0513,48.9356],[7.0581,48.9366],[7.0615,48.9352],[7.0654,48.9362],[7.0692,48.9455],[7.0663,48.959]]],[[[-1.2391,49.5889],[-1.2408,49.5863],[-1.2488,49.5879],[-1.2461,49.5916],[-1.2411,49.5908],[-1.2391,49.5889]]]]},"properties":{"TER_ID":"0","TER_NS":"FRANCE","TER_NL":"ROYAUME DE FRANCE"}}]}